chunk_id,fund_code,fund_name
KR510902511M_p4_0008,KR510902511M,미래에셋장기성장포커스증권자투자신탁1호(주식)
KR510902511M_p4_0011,KR510902511M,미래에셋장기성장포커스증권자투자신탁1호(주식)
KR510902511M_p28_0081,KR510902511M,미래에셋장기성장포커스증권자투자신탁1호(주식)
KR510902511M_p28_0083,KR510902511M,미래에셋장기성장포커스증권자투자신탁1호(주식)
KR510902511M_p29_0084,KR510902511M,미래에셋장기성장포커스증권자투자신탁1호(주식)
KR510902511M_p30_0087,KR510902511M,미래에셋장기성장포커스증권자투자신탁1호(주식)
KR510902773M_p3_0006,KR510902773M,미래에셋고배당포커스연금저축증권전환형자투자신탁1호(주식)
KR510902773M_p3_0008,KR510902773M,미래에셋고배당포커스연금저축증권전환형자투자신탁1호(주식)
KR510902773M_p26_0072,KR510902773M,미래에셋고배당포커스연금저축증권전환형자투자신탁1호(주식)
KR510902773M_p26_0075,KR510902773M,미래에셋고배당포커스연금저축증권전환형자투자신탁1호(주식)
KR510902773M_p27_0076,KR510902773M,미래에셋고배당포커스연금저축증권전환형자투자신탁1호(주식)
KR510902777M_p3_0006,KR510902777M,미래에셋코어밸류연금저축증권전환형자투자신탁1호(주식)
KR510902777M_p3_0008,KR510902777M,미래에셋코어밸류연금저축증권전환형자투자신탁1호(주식)
KR510902777M_p28_0081,KR510902777M,미래에셋코어밸류연금저축증권전환형자투자신탁1호(주식)
KR510902777M_p28_0082,KR510902777M,미래에셋코어밸류연금저축증권전환형자투자신탁1호(주식)
KR510902777M_p28_0083,KR510902777M,미래에셋코어밸류연금저축증권전환형자투자신탁1호(주식)
KR510902777M_p29_0084,KR510902777M,미래에셋코어밸류연금저축증권전환형자투자신탁1호(주식)
KR5110501016_p27_0075,KR5110501016,미래에셋프리미엄크레딧알파증권자투자신탁(채권)
KR5110501016_p27_0078,KR5110501016,미래에셋프리미엄크레딧알파증권자투자신탁(채권)
KR5110501016_p28_0080,KR5110501016,미래에셋프리미엄크레딧알파증권자투자신탁(채권)
KR5110601022_p4_0009,KR5110601022,미래에셋차세대Fun인덱스증권자투자신탁[주식]
KR5110601022_p4_0012,KR5110601022,미래에셋차세대Fun인덱스증권자투자신탁[주식]
KR5110601022_p28_0080,KR5110601022,미래에셋차세대Fun인덱스증권자투자신탁[주식]
KR5110601022_p28_0083,KR5110601022,미래에셋차세대Fun인덱스증권자투자신탁[주식]
KR5110601022_p29_0085,KR5110601022,미래에셋차세대Fun인덱스증권자투자신탁[주식]
KR5110601022_p30_0087,KR5110601022,미래에셋차세대Fun인덱스증권자투자신탁[주식]
KR5110601022_p31_0090,KR5110601022,미래에셋차세대Fun인덱스증권자투자신탁[주식]
KR5111420047_p35_0076,KR5111420047,하나파워e단기채증권자투자신탁[채권]
KR5111420047_p35_0080,KR5111420047,하나파워e단기채증권자투자신탁[채권]
KR5111420047_p37_0085,KR5111420047,하나파워e단기채증권자투자신탁[채권]
KR5111420047_p37_0086,KR5111420047,하나파워e단기채증권자투자신탁[채권]
KR5111420047_p37_0087,KR5111420047,하나파워e단기채증권자투자신탁[채권]
KR5111450067_p6_0012,KR5111450067,하나IT코리아증권자투자신탁(제1호)[주식]
KR5111450067_p41_0094,KR5111450067,하나IT코리아증권자투자신탁(제1호)[주식]
KR5111450067_p41_0098,KR5111450067,하나IT코리아증권자투자신탁(제1호)[주식]
KR5111450067_p41_0099,KR5111450067,하나IT코리아증권자투자신탁(제1호)[주식]
KR5111450067_p42_0100,KR5111450067,하나IT코리아증권자투자신탁(제1호)[주식]
KR5111450067_p43_0104,KR5111450067,하나IT코리아증권자투자신탁(제1호)[주식]
KR5111450067_p43_0105,KR5111450067,하나IT코리아증권자투자신탁(제1호)[주식]
KR5111450067_p43_0106,KR5111450067,하나IT코리아증권자투자신탁(제1호)[주식]
KR5113420012_p5_0008,KR5113420012,한국투자 골드플랜 연금 증권 전환형 투자신탁 1호(국공채)
KR5113420012_p6_0013,KR5113420012,한국투자 골드플랜 연금 증권 전환형 투자신탁 1호(국공채)
KR5113420012_p6_0014,KR5113420012,한국투자 골드플랜 연금 증권 전환형 투자신탁 1호(국공채)
KR5113420012_p40_0095,KR5113420012,한국투자 골드플랜 연금 증권 전환형 투자신탁 1호(국공채)
KR5113420012_p40_0097,KR5113420012,한국투자 골드플랜 연금 증권 전환형 투자신탁 1호(국공채)
KR5113420012_p41_0099,KR5113420012,한국투자 골드플랜 연금 증권 전환형 투자신탁 1호(국공채)
KR5113420069_p7_0014,KR5113420069,한국투자 크레딧포커스 ESG 증권 자투자신탁 1호(채권)
KR5113420069_p7_0015,KR5113420069,한국투자 크레딧포커스 ESG 증권 자투자신탁 1호(채권)
KR5113420069_p42_0091,KR5113420069,한국투자 크레딧포커스 ESG 증권 자투자신탁 1호(채권)
KR5113420069_p42_0094,KR5113420069,한국투자 크레딧포커스 ESG 증권 자투자신탁 1호(채권)
KR5113420069_p44_0099,KR5113420069,한국투자 크레딧포커스 ESG 증권 자투자신탁 1호(채권)
KR5113420069_p44_0100,KR5113420069,한국투자 크레딧포커스 ESG 증권 자투자신탁 1호(채권)
KR5113420069_p45_0101,KR5113420069,한국투자 크레딧포커스 ESG 증권 자투자신탁 1호(채권)
KR5113420069_p45_0102,KR5113420069,한국투자 크레딧포커스 ESG 증권 자투자신탁 1호(채권)
KR5113420069_p45_0103,KR5113420069,한국투자 크레딧포커스 ESG 증권 자투자신탁 1호(채권)
KR5113450111_p5_0007,KR5113450111,한국투자 골드플랜 연금 증권 전환형 투자신탁 1호(주식)
KR5113450111_p5_0008,KR5113450111,한국투자 골드플랜 연금 증권 전환형 투자신탁 1호(주식)
KR5113450111_p6_0013,KR5113450111,한국투자 골드플랜 연금 증권 전환형 투자신탁 1호(주식)
KR5113450111_p6_0014,KR5113450111,한국투자 골드플랜 연금 증권 전환형 투자신탁 1호(주식)
KR5113450111_p41_0099,KR5113450111,한국투자 골드플랜 연금 증권 전환형 투자신탁 1호(주식)
KR5113450111_p41_0102,KR5113450111,한국투자 골드플랜 연금 증권 전환형 투자신탁 1호(주식)
KR5113450111_p42_0103,KR5113450111,한국투자 골드플랜 연금 증권 전환형 투자신탁 1호(주식)
KR5113450401_p7_0012,KR5113450401,한국투자 중소밸류 증권 자투자신탁(주식)
KR5113450401_p42_0089,KR5113450401,한국투자 중소밸류 증권 자투자신탁(주식)
KR5113450401_p42_0092,KR5113450401,한국투자 중소밸류 증권 자투자신탁(주식)
KR5113450401_p44_0096,KR5113450401,한국투자 중소밸류 증권 자투자신탁(주식)
KR5113450401_p44_0097,KR5113450401,한국투자 중소밸류 증권 자투자신탁(주식)
KR5113450401_p44_0098,KR5113450401,한국투자 중소밸류 증권 자투자신탁(주식)
KR5113450401_p45_0101,KR5113450401,한국투자 중소밸류 증권 자투자신탁(주식)
KR5114420016_p7_0009,KR5114420016,삼성ABF코리아장기채권인덱스증권투자신탁[채권]
KR5114420016_p7_0010,KR5114420016,삼성ABF코리아장기채권인덱스증권투자신탁[채권]
KR5114420016_p7_0013,KR5114420016,삼성ABF코리아장기채권인덱스증권투자신탁[채권]
KR5114420016_p36_0081,KR5114420016,삼성ABF코리아장기채권인덱스증권투자신탁[채권]
KR5114420016_p36_0082,KR5114420016,삼성ABF코리아장기채권인덱스증권투자신탁[채권]
KR5114420016_p37_0086,KR5114420016,삼성ABF코리아장기채권인덱스증권투자신탁[채권]
KR5114420016_p38_0089,KR5114420016,삼성ABF코리아장기채권인덱스증권투자신탁[채권]
KR5114420016_p38_0091,KR5114420016,삼성ABF코리아장기채권인덱스증권투자신탁[채권]
KR5114420016_p41_0098,KR5114420016,삼성ABF코리아장기채권인덱스증권투자신탁[채권]
KR5114420016_p41_0100,KR5114420016,삼성ABF코리아장기채권인덱스증권투자신탁[채권]
KR5114420022_p7_0009,KR5114420022,삼성클래식연금증권전환형투자신탁 제1호[채권]
KR5114420022_p7_0010,KR5114420022,삼성클래식연금증권전환형투자신탁 제1호[채권]
KR5114420022_p7_0012,KR5114420022,삼성클래식연금증권전환형투자신탁 제1호[채권]
KR5114420022_p36_0081,KR5114420022,삼성클래식연금증권전환형투자신탁 제1호[채권]
KR5114420022_p37_0085,KR5114420022,삼성클래식연금증권전환형투자신탁 제1호[채권]
KR5114420022_p37_0086,KR5114420022,삼성클래식연금증권전환형투자신탁 제1호[채권]
KR5114420022_p37_0088,KR5114420022,삼성클래식연금증권전환형투자신탁 제1호[채권]
KR5114420022_p38_0089,KR5114420022,삼성클래식연금증권전환형투자신탁 제1호[채권]
KR5114420022_p38_0091,KR5114420022,삼성클래식연금증권전환형투자신탁 제1호[채권]
KR5114420027_p7_0012,KR5114420027,삼성코리아중기채권증권자투자신탁 제1호[채권]
KR5114420027_p34_0080,KR5114420027,삼성코리아중기채권증권자투자신탁 제1호[채권]
KR5114420027_p35_0084,KR5114420027,삼성코리아중기채권증권자투자신탁 제1호[채권]
KR5114420027_p35_0085,KR5114420027,삼성코리아중기채권증권자투자신탁 제1호[채권]
KR5114420027_p36_0087,KR5114420027,삼성코리아중기채권증권자투자신탁 제1호[채권]
KR5114420027_p36_0089,KR5114420027,삼성코리아중기채권증권자투자신탁 제1호[채권]
KR5114420027_p38_0093,KR5114420027,삼성코리아중기채권증권자투자신탁 제1호[채권]
KR5114420027_p38_0095,KR5114420027,삼성코리아중기채권증권자투자신탁 제1호[채권]
KR5114420046_p7_0009,KR5114420046,삼성퇴직연금인덱스12M증권자투자신탁 제1호[채권]
KR5114420046_p7_0010,KR5114420046,삼성퇴직연금인덱스12M증권자투자신탁 제1호[채권]
KR5114420046_p7_0012,KR5114420046,삼성퇴직연금인덱스12M증권자투자신탁 제1호[채권]
KR5114420046_p29_0065,KR5114420046,삼성퇴직연금인덱스12M증권자투자신탁 제1호[채권]
KR5114420046_p30_0068,KR5114420046,삼성퇴직연금인덱스12M증권자투자신탁 제1호[채권]
KR5114420046_p30_0069,KR5114420046,삼성퇴직연금인덱스12M증권자투자신탁 제1호[채권]
KR5114420046_p30_0070,KR5114420046,삼성퇴직연금인덱스12M증권자투자신탁 제1호[채권]
KR5114450222_p7_0009,KR5114450222,삼성클래식연금증권전환형자투자신탁 제1호[주식]
KR5114450222_p7_0010,KR5114450222,삼성클래식연금증권전환형자투자신탁 제1호[주식]
KR5114450222_p7_0013,KR5114450222,삼성클래식연금증권전환형자투자신탁 제1호[주식]
KR5114450222_p40_0084,KR5114450222,삼성클래식연금증권전환형자투자신탁 제1호[주식]
KR5114450222_p41_0087,KR5114450222,삼성클래식연금증권전환형자투자신탁 제1호[주식]
KR5114450222_p41_0088,KR5114450222,삼성클래식연금증권전환형자투자신탁 제1호[주식]
KR5114450222_p41_0089,KR5114450222,삼성클래식연금증권전환형자투자신탁 제1호[주식]
KR5114450270_p7_0009,KR5114450270,삼성퇴직연금KOSPI200증권자투자신탁 제1호[주식]
KR5114450270_p7_0010,KR5114450270,삼성퇴직연금KOSPI200증권자투자신탁 제1호[주식]
KR5114450270_p7_0013,KR5114450270,삼성퇴직연금KOSPI200증권자투자신탁 제1호[주식]
KR5114450270_p29_0066,KR5114450270,삼성퇴직연금KOSPI200증권자투자신탁 제1호[주식]
KR5114450270_p30_0069,KR5114450270,삼성퇴직연금KOSPI200증권자투자신탁 제1호[주식]
KR5114450270_p30_0071,KR5114450270,삼성퇴직연금KOSPI200증권자투자신탁 제1호[주식]
KR5114450270_p31_0072,KR5114450270,삼성퇴직연금KOSPI200증권자투자신탁 제1호[주식]
KR5116501001_p6_0011,KR5116501001,명 칭 금융투자협회 펀드코드
KR5116501001_p6_0014,KR5116501001,명 칭 금융투자협회 펀드코드
KR5116501001_p35_0089,KR5116501001,명 칭 금융투자협회 펀드코드
KR5116501001_p35_0091,KR5116501001,명 칭 금융투자협회 펀드코드
KR5116501001_p36_0093,KR5116501001,명 칭 금융투자협회 펀드코드
KR5116501001_p36_0096,KR5116501001,명 칭 금융투자협회 펀드코드
KR5117420097_p5_0008,KR5117420097,신한초단기채증권투자신탁[채권]
KR5117420097_p5_0012,KR5117420097,신한초단기채증권투자신탁[채권]
KR5117420097_p29_0072,KR5117420097,신한초단기채증권투자신탁[채권]
KR5117420097_p29_0075,KR5117420097,신한초단기채증권투자신탁[채권]
KR5117420097_p31_0082,KR5117420097,신한초단기채증권투자신탁[채권]
KR5118201004_p5_0009,KR5118201004,우리하이플러스채권증권자투자신탁1호(채권)
KR5118201004_p5_0012,KR5118201004,우리하이플러스채권증권자투자신탁1호(채권)
KR5118201004_p5_0013,KR5118201004,우리하이플러스채권증권자투자신탁1호(채권)
KR5118201004_p38_0089,KR5118201004,우리하이플러스채권증권자투자신탁1호(채권)
KR5118201004_p38_0091,KR5118201004,우리하이플러스채권증권자투자신탁1호(채권)
KR5118201004_p39_0094,KR5118201004,우리하이플러스채권증권자투자신탁1호(채권)
KR5118201004_p39_0095,KR5118201004,우리하이플러스채권증권자투자신탁1호(채권)
KR5118201004_p40_0096,KR5118201004,우리하이플러스채권증권자투자신탁1호(채권)
KR5118201004_p40_0097,KR5118201004,우리하이플러스채권증권자투자신탁1호(채권)
KR5118201004_p40_0098,KR5118201004,우리하이플러스채권증권자투자신탁1호(채권)
KR5118201004_p41_0099,KR5118201004,우리하이플러스채권증권자투자신탁1호(채권)
KR5118420006_p5_0011,KR5118420006,우리나라초단기채권증권투자신탁[채권]
KR5118420006_p31_0074,KR5118420006,우리나라초단기채권증권투자신탁[채권]
KR5118420006_p31_0076,KR5118420006,우리나라초단기채권증권투자신탁[채권]
KR5118420006_p34_0085,KR5118420006,우리나라초단기채권증권투자신탁[채권]
KR5118420036_p4_0006,KR5118420036,우리나라중단기ESG채권증권자투자신탁1호(채권)
KR5118420036_p5_0009,KR5118420036,우리나라중단기ESG채권증권자투자신탁1호(채권)
KR5118420036_p5_0011,KR5118420036,우리나라중단기ESG채권증권자투자신탁1호(채권)
KR5118420036_p40_0085,KR5118420036,우리나라중단기ESG채권증권자투자신탁1호(채권)
KR5118420036_p40_0087,KR5118420036,우리나라중단기ESG채권증권자투자신탁1호(채권)
KR5118420036_p41_0088,KR5118420036,우리나라중단기ESG채권증권자투자신탁1호(채권)
KR5118420036_p41_0090,KR5118420036,우리나라중단기ESG채권증권자투자신탁1호(채권)
KR5118420036_p42_0091,KR5118420036,우리나라중단기ESG채권증권자투자신탁1호(채권)
KR5118420036_p42_0092,KR5118420036,우리나라중단기ESG채권증권자투자신탁1호(채권)
KR5118420036_p42_0093,KR5118420036,우리나라중단기ESG채권증권자투자신탁1호(채권)
KR5118420036_p43_0094,KR5118420036,우리나라중단기ESG채권증권자투자신탁1호(채권)
KR5118420036_p43_0095,KR5118420036,우리나라중단기ESG채권증권자투자신탁1호(채권)
KR5118420036_p43_0096,KR5118420036,우리나라중단기ESG채권증권자투자신탁1호(채권)
KR5118420062_p30_0072,KR5118420062,우리단기채권증권투자신탁(채권)
KR5118420062_p30_0073,KR5118420062,우리단기채권증권투자신탁(채권)
KR5118420062_p30_0074,KR5118420062,우리단기채권증권투자신탁(채권)
KR5118420062_p31_0075,KR5118420062,우리단기채권증권투자신탁(채권)
KR5118420062_p31_0077,KR5118420062,우리단기채권증권투자신탁(채권)
KR5118420062_p32_0078,KR5118420062,우리단기채권증권투자신탁(채권)
KR5118420062_p33_0082,KR5118420062,우리단기채권증권투자신탁(채권)
KR5119450058_p6_0010,KR5119450058,신한코리아롱숏증권자투자신탁[주식]
KR5119450058_p36_0097,KR5119450058,신한코리아롱숏증권자투자신탁[주식]
KR5119450058_p36_0099,KR5119450058,신한코리아롱숏증권자투자신탁[주식]
KR5119450058_p38_0106,KR5119450058,신한코리아롱숏증권자투자신탁[주식]
KR5119450058_p39_0108,KR5119450058,신한코리아롱숏증권자투자신탁[주식]
KR5119450058_p39_0111,KR5119450058,신한코리아롱숏증권자투자신탁[주식]
KR5119501001_p5_0008,KR5119501001,신한퇴직연금국공채증권자투자신탁[채권]
KR5119501001_p5_0011,KR5119501001,신한퇴직연금국공채증권자투자신탁[채권]
KR5119501001_p25_0070,KR5119501001,신한퇴직연금국공채증권자투자신탁[채권]
KR5119501001_p25_0073,KR5119501001,신한퇴직연금국공채증권자투자신탁[채권]
KR5119501001_p26_0074,KR5119501001,신한퇴직연금국공채증권자투자신탁[채권]
KR5119501001_p26_0077,KR5119501001,신한퇴직연금국공채증권자투자신탁[채권]
KR5119520012_p5_0008,KR5119520012,신한상대가치장기증권자투자신탁[채권]
KR5119520012_p5_0011,KR5119520012,신한상대가치장기증권자투자신탁[채권]
KR5119520012_p5_0012,KR5119520012,신한상대가치장기증권자투자신탁[채권]
KR5119520012_p37_0099,KR5119520012,신한상대가치장기증권자투자신탁[채권]
KR5119520012_p37_0102,KR5119520012,신한상대가치장기증권자투자신탁[채권]
KR5119520012_p39_0109,KR5119520012,신한상대가치장기증권자투자신탁[채권]
KR5120420039_p40_0089,KR5120420039,교보악사 Tomorrow 장기우량 증권투자신탁 K-1호(채권)
KR5120420039_p42_0096,KR5120420039,교보악사 Tomorrow 장기우량 증권투자신탁 K-1호(채권)
KR5120420039_p42_0097,KR5120420039,교보악사 Tomorrow 장기우량 증권투자신탁 K-1호(채권)
KR5120420039_p42_0098,KR5120420039,교보악사 Tomorrow 장기우량 증권투자신탁 K-1호(채권)
KR5120420039_p43_0099,KR5120420039,교보악사 Tomorrow 장기우량 증권투자신탁 K-1호(채권)
KR5120420039_p43_0100,KR5120420039,교보악사 Tomorrow 장기우량 증권투자신탁 K-1호(채권)
KR5120420039_p43_0101,KR5120420039,교보악사 Tomorrow 장기우량 증권투자신탁 K-1호(채권)
KR5120420091_p6_0013,KR5120420091,교보악사 내일환매 초단기우량채증권투자신탁[채권]
KR5120420091_p40_0089,KR5120420091,교보악사 내일환매 초단기우량채증권투자신탁[채권]
KR5120420091_p40_0091,KR5120420091,교보악사 내일환매 초단기우량채증권투자신탁[채권]
KR5120420091_p43_0097,KR5120420091,교보악사 내일환매 초단기우량채증권투자신탁[채권]
KR5120420091_p43_0098,KR5120420091,교보악사 내일환매 초단기우량채증권투자신탁[채권]
KR5120420091_p43_0099,KR5120420091,교보악사 내일환매 초단기우량채증권투자신탁[채권]
KR5120420091_p43_0100,KR5120420091,교보악사 내일환매 초단기우량채증권투자신탁[채권]
KR5120420091_p44_0101,KR5120420091,교보악사 내일환매 초단기우량채증권투자신탁[채권]
KR5120420091_p44_0103,KR5120420091,교보악사 내일환매 초단기우량채증권투자신탁[채권]
KR5120451001_p40_0087,KR5120451001,교보악사 파워인덱스증권자투자신탁 2호[주식]
KR5120451001_p41_0093,KR5120451001,교보악사 파워인덱스증권자투자신탁 2호[주식]
KR5120451001_p42_0094,KR5120451001,교보악사 파워인덱스증권자투자신탁 2호[주식]
KR5120451001_p42_0095,KR5120451001,교보악사 파워인덱스증권자투자신탁 2호[주식]
KR5122420005_p37_0097,KR5122420005,유진챔피언단기채증권자투자신탁(채권)
KR5122420005_p37_0099,KR5122420005,유진챔피언단기채증권자투자신탁(채권)
KR5122420005_p38_0101,KR5122420005,유진챔피언단기채증권자투자신탁(채권)
KR5122420005_p38_0102,KR5122420005,유진챔피언단기채증권자투자신탁(채권)
KR5122420005_p38_0103,KR5122420005,유진챔피언단기채증권자투자신탁(채권)
KR5122420005_p39_0104,KR5122420005,유진챔피언단기채증권자투자신탁(채권)
KR5122420005_p39_0105,KR5122420005,유진챔피언단기채증권자투자신탁(채권)
KR5122420005_p39_0107,KR5122420005,유진챔피언단기채증권자투자신탁(채권)
KR5123365001_p3_0005,KR5123365001,키움 연금 증권 자투자신탁 제C1호[국공채]
KR5123365001_p3_0006,KR5123365001,키움 연금 증권 자투자신탁 제C1호[국공채]
KR5123365001_p23_0068,KR5123365001,키움 연금 증권 자투자신탁 제C1호[국공채]
KR5123420015_p27_0084,KR5123420015,키움 단기 국공채 증권 자투자신탁 제1호[채권]
KR5123420015_p29_0093,KR5123420015,키움 단기 국공채 증권 자투자신탁 제1호[채권]
KR5123420015_p29_0094,KR5123420015,키움 단기 국공채 증권 자투자신탁 제1호[채권]
KR5123420015_p29_0096,KR5123420015,키움 단기 국공채 증권 자투자신탁 제1호[채권]
KR5123420039_p4_0007,KR5123420039,키움파이어니어ESG증권자투자신탁제1호[채권]
KR5123420039_p31_0086,KR5123420039,키움파이어니어ESG증권자투자신탁제1호[채권]
KR5123420039_p32_0090,KR5123420039,키움파이어니어ESG증권자투자신탁제1호[채권]
KR5123420039_p32_0093,KR5123420039,키움파이어니어ESG증권자투자신탁제1호[채권]
KR5123420049_p25_0076,KR5123420049,키움더드림단기채증권투자신탁[채권]
KR5123420049_p25_0077,KR5123420049,키움더드림단기채증권투자신탁[채권]
KR5123420049_p27_0085,KR5123420049,키움더드림단기채증권투자신탁[채권]
KR5123420049_p27_0086,KR5123420049,키움더드림단기채증권투자신탁[채권]
KR5123420049_p27_0088,KR5123420049,키움더드림단기채증권투자신탁[채권]
KR5125450023_p3_0005,KR5125450023,신영밸류고배당증권자투자신탁(주식)
KR5125450023_p3_0006,KR5125450023,신영밸류고배당증권자투자신탁(주식)
KR5125450023_p30_0077,KR5125450023,신영밸류고배당증권자투자신탁(주식)
KR5125450023_p30_0078,KR5125450023,신영밸류고배당증권자투자신탁(주식)
KR5125450023_p31_0081,KR5125450023,신영밸류고배당증권자투자신탁(주식)
KR5125450070_p3_0005,KR5125450070,신영마라톤증권자투자신탁(주식)
KR5125450070_p27_0073,KR5125450070,신영마라톤증권자투자신탁(주식)
KR5125450070_p28_0076,KR5125450070,신영마라톤증권자투자신탁(주식)
KR5125450070_p28_0077,KR5125450070,신영마라톤증권자투자신탁(주식)
KR5125450070_p29_0082,KR5125450070,신영마라톤증권자투자신탁(주식)
KR5127420045_p5_0007,KR5127420045,KB스타 단기 국공채 증권 자투자신탁(채권)(B5517)
KR5127420045_p5_0010,KR5127420045,KB스타 단기 국공채 증권 자투자신탁(채권)(B5517)
KR5127420045_p27_0068,KR5127420045,KB스타 단기 국공채 증권 자투자신탁(채권)(B5517)
KR5127420045_p27_0069,KR5127420045,KB스타 단기 국공채 증권 자투자신탁(채권)(B5517)
KR5127420045_p27_0070,KR5127420045,KB스타 단기 국공채 증권 자투자신탁(채권)(B5517)
KR5127420045_p29_0075,KR5127420045,KB스타 단기 국공채 증권 자투자신탁(채권)(B5517)
KR5127420083_p5_0007,KR5127420083,KB 장기국채 플러스 증권 자투자신탁(채권)(BG607)
KR5127420083_p5_0010,KR5127420083,KB 장기국채 플러스 증권 자투자신탁(채권)(BG607)
KR5127420083_p25_0063,KR5127420083,KB 장기국채 플러스 증권 자투자신탁(채권)(BG607)
KR5127420083_p25_0066,KR5127420083,KB 장기국채 플러스 증권 자투자신탁(채권)(BG607)
KR5127420083_p26_0067,KR5127420083,KB 장기국채 플러스 증권 자투자신탁(채권)(BG607)
KR5127420083_p26_0068,KR5127420083,KB 장기국채 플러스 증권 자투자신탁(채권)(BG607)
KR5127420083_p27_0071,KR5127420083,KB 장기국채 플러스 증권 자투자신탁(채권)(BG607)
KR5127450117_p4_0007,KR5127450117,KB 그로스 포커스 증권 자투자신탁(주식)(35432)
KR5127450117_p27_0073,KR5127450117,KB 그로스 포커스 증권 자투자신탁(주식)(35432)
KR5127450117_p28_0077,KR5127450117,KB 그로스 포커스 증권 자투자신탁(주식)(35432)
KR5127450117_p28_0078,KR5127450117,KB 그로스 포커스 증권 자투자신탁(주식)(35432)
KR5127450117_p30_0083,KR5127450117,KB 그로스 포커스 증권 자투자신탁(주식)(35432)
KR5127450473_p29_0073,KR5127450473,KB 코리아 밸류업 액티브 증권 자투자신탁(주식)(EG176)
KR5127450473_p29_0076,KR5127450473,KB 코리아 밸류업 액티브 증권 자투자신탁(주식)(EG176)
KR5127450473_p30_0077,KR5127450473,KB 코리아 밸류업 액티브 증권 자투자신탁(주식)(EG176)
KR5127450473_p30_0078,KR5127450473,KB 코리아 밸류업 액티브 증권 자투자신탁(주식)(EG176)
KR5127450473_p31_0080,KR5127450473,KB 코리아 밸류업 액티브 증권 자투자신탁(주식)(EG176)
KR5127450473_p31_0081,KR5127450473,KB 코리아 밸류업 액티브 증권 자투자신탁(주식)(EG176)
KR5129420025_p7_0010,KR5129420025,한화내일받는단기국공채증권 자투자신탁(채권)
KR5129420025_p7_0013,KR5129420025,한화내일받는단기국공채증권 자투자신탁(채권)
KR5129420025_p49_0126,KR5129420025,한화내일받는단기국공채증권 자투자신탁(채권)
KR5129420031_p7_0014,KR5129420031,한화코리아밸류채권증권 자투자신탁(채권)
KR5129420031_p37_0082,KR5129420031,한화코리아밸류채권증권 자투자신탁(채권)
KR5129420031_p38_0086,KR5129420031,한화코리아밸류채권증권 자투자신탁(채권)
KR5129420031_p39_0091,KR5129420031,한화코리아밸류채권증권 자투자신탁(채권)
KR5131420007_p3_0005,KR5131420007,DB정통크레딧증권자투자신탁[채권]
KR5131420007_p4_0008,KR5131420007,DB정통크레딧증권자투자신탁[채권]
KR5131420007_p4_0011,KR5131420007,DB정통크레딧증권자투자신탁[채권]
KR5131420007_p27_0075,KR5131420007,DB정통크레딧증권자투자신탁[채권]
KR5131420007_p27_0078,KR5131420007,DB정통크레딧증권자투자신탁[채권]
KR5131420007_p28_0079,KR5131420007,DB정통크레딧증권자투자신탁[채권]
KR5131420007_p28_0081,KR5131420007,DB정통크레딧증권자투자신탁[채권]
KR5131420025_p25_0066,KR5131420025,DB다같이장기채권증권투자신탁[채권]
KR5131420025_p25_0068,KR5131420025,DB다같이장기채권증권투자신탁[채권]
KR5131420025_p26_0070,KR5131420025,DB다같이장기채권증권투자신탁[채권]
KR5131420025_p27_0074,KR5131420025,DB다같이장기채권증권투자신탁[채권]
KR5139420015_p29_0063,KR5139420015,흥국멀티크레딧증권자투자신탁[채권]
KR5139420015_p31_0070,KR5139420015,흥국멀티크레딧증권자투자신탁[채권]
KR5139420015_p32_0072,KR5139420015,흥국멀티크레딧증권자투자신탁[채권]
KR5139420020_p5_0004,KR5139420020,흥국퇴직연금멀티크레딧증권자투자신탁[채권]
KR5139420020_p28_0056,KR5139420020,흥국퇴직연금멀티크레딧증권자투자신탁[채권]
KR5139420020_p28_0059,KR5139420020,흥국퇴직연금멀티크레딧증권자투자신탁[채권]
KR5139420020_p29_0061,KR5139420020,흥국퇴직연금멀티크레딧증권자투자신탁[채권]
KR5144420020_p5_0009,KR5144420020,NH-Amundi 국채10년 인덱스 증권자투자신탁[채권]
KR5144420020_p32_0079,KR5144420020,NH-Amundi 국채10년 인덱스 증권자투자신탁[채권]
KR5144420020_p32_0082,KR5144420020,NH-Amundi 국채10년 인덱스 증권자투자신탁[채권]
KR5144420020_p33_0083,KR5144420020,NH-Amundi 국채10년 인덱스 증권자투자신탁[채권]
KR5144420020_p33_0085,KR5144420020,NH-Amundi 국채10년 인덱스 증권자투자신탁[채권]
KR5144420020_p34_0087,KR5144420020,NH-Amundi 국채10년 인덱스 증권자투자신탁[채권]
KR5144420020_p34_0088,KR5144420020,NH-Amundi 국채10년 인덱스 증권자투자신탁[채권]
KR5144420020_p34_0089,KR5144420020,NH-Amundi 국채10년 인덱스 증권자투자신탁[채권]
KR5144420020_p34_0090,KR5144420020,NH-Amundi 국채10년 인덱스 증권자투자신탁[채권]
KR5144420020_p35_0091,KR5144420020,NH-Amundi 국채10년 인덱스 증권자투자신탁[채권]
KR5144420020_p35_0094,KR5144420020,NH-Amundi 국채10년 인덱스 증권자투자신탁[채권]
KR5144420081_p5_0007,KR5144420081,NH-Amundi USD 초단기채권 증권자투자신탁(UH)[채권]
KR5144420081_p32_0085,KR5144420081,NH-Amundi USD 초단기채권 증권자투자신탁(UH)[채권]
KR5144420081_p33_0091,KR5144420081,NH-Amundi USD 초단기채권 증권자투자신탁(UH)[채권]
KR5144420081_p34_0094,KR5144420081,NH-Amundi USD 초단기채권 증권자투자신탁(UH)[채권]
KR5144420081_p34_0095,KR5144420081,NH-Amundi USD 초단기채권 증권자투자신탁(UH)[채권]
KR5144420081_p34_0097,KR5144420081,NH-Amundi USD 초단기채권 증권자투자신탁(UH)[채권]
KR5144420081_p35_0098,KR5144420081,NH-Amundi USD 초단기채권 증권자투자신탁(UH)[채권]
KR5144420091_p5_0007,KR5144420091,NH-Amundi 하나로 단기채 증권투자신탁[채권]
KR5144420091_p34_0087,KR5144420091,NH-Amundi 하나로 단기채 증권투자신탁[채권]
KR5144420091_p35_0091,KR5144420091,NH-Amundi 하나로 단기채 증권투자신탁[채권]
KR5144420091_p35_0092,KR5144420091,NH-Amundi 하나로 단기채 증권투자신탁[채권]
KR5144420091_p36_0096,KR5144420091,NH-Amundi 하나로 단기채 증권투자신탁[채권]
KR5144450095_p5_0011,KR5144450095,NH-Amundi 필승 코리아 증권투자신탁 [주식]
KR5144450095_p6_0012,KR5144450095,NH-Amundi 필승 코리아 증권투자신탁 [주식]
KR5144450095_p6_0015,KR5144450095,NH-Amundi 필승 코리아 증권투자신탁 [주식]
KR5144450095_p35_0087,KR5144450095,NH-Amundi 필승 코리아 증권투자신탁 [주식]
KR5144450095_p36_0092,KR5144450095,NH-Amundi 필승 코리아 증권투자신탁 [주식]
KR5144450095_p37_0097,KR5144450095,NH-Amundi 필승 코리아 증권투자신탁 [주식]
KR5144450095_p37_0098,KR5144450095,NH-Amundi 필승 코리아 증권투자신탁 [주식]
KR5147430065_p5_0012,KR5147430065,KCGI코리아목표전환형증권투자신탁4호[채권혼합](운용전환일 이후)
KR5147430065_p6_0015,KR5147430065,KCGI코리아목표전환형증권투자신탁4호[채권혼합](운용전환일 이후)
KR5147430065_p6_0017,KR5147430065,KCGI코리아목표전환형증권투자신탁4호[채권혼합](운용전환일 이후)
KR5147430065_p33_0084,KR5147430065,KCGI코리아목표전환형증권투자신탁4호[채권혼합](운용전환일 이후)
KR5147430065_p33_0087,KR5147430065,KCGI코리아목표전환형증권투자신탁4호[채권혼합](운용전환일 이후)
KR5147430065_p34_0088,KR5147430065,KCGI코리아목표전환형증권투자신탁4호[채권혼합](운용전환일 이후)
KR5147430065_p34_0090,KR5147430065,KCGI코리아목표전환형증권투자신탁4호[채권혼합](운용전환일 이후)
KR5147430065_p34_0091,KR5147430065,KCGI코리아목표전환형증권투자신탁4호[채권혼합](운용전환일 이후)
KR5147430065_p35_0092,KR5147430065,KCGI코리아목표전환형증권투자신탁4호[채권혼합](운용전환일 이후)
KR5147430065_p35_0095,KR5147430065,KCGI코리아목표전환형증권투자신탁4호[채권혼합](운용전환일 이후)
KR5147430065_p36_0096,KR5147430065,KCGI코리아목표전환형증권투자신탁4호[채권혼합](운용전환일 이후)
KR5147430065_p37_0099,KR5147430065,KCGI코리아목표전환형증권투자신탁4호[채권혼합](운용전환일 이후)
KR5147430065_p56_0140,KR5147430065,KCGI코리아목표전환형증권투자신탁4호[채권혼합](운용전환일 이후)
KR5152420028_p5_0007,KR5152420028,다올전단채증권투자신탁[채권]
KR5152420028_p5_0008,KR5152420028,다올전단채증권투자신탁[채권]
KR5152420028_p6_0013,KR5152420028,다올전단채증권투자신탁[채권]
KR5152420028_p28_0076,KR5152420028,다올전단채증권투자신탁[채권]
KR5152420028_p28_0077,KR5152420028,다올전단채증권투자신탁[채권]
KR5152420028_p28_0079,KR5152420028,다올전단채증권투자신탁[채권]
KR5152420028_p29_0081,KR5152420028,다올전단채증권투자신탁[채권]
KR515302022M_p5_0013,KR515302022M,KCGI코리아증권투자신탁1호[주식] (펀드코드 : AJ437)
KR515302022M_p34_0100,KR515302022M,KCGI코리아증권투자신탁1호[주식] (펀드코드 : AJ437)
KR515302022M_p34_0102,KR515302022M,KCGI코리아증권투자신탁1호[주식] (펀드코드 : AJ437)
KR515302022M_p35_0104,KR515302022M,KCGI코리아증권투자신탁1호[주식] (펀드코드 : AJ437)
KR515302022M_p36_0109,KR515302022M,KCGI코리아증권투자신탁1호[주식] (펀드코드 : AJ437)
KR515302022M_p68_0216,KR515302022M,KCGI코리아증권투자신탁1호[주식] (펀드코드 : AJ437)
KR5153420022_p3_0006,KR5153420022,미래에셋라이프사이클7090연금증권전환형자투자신탁1호(채권)
KR5153420022_p26_0074,KR5153420022,미래에셋라이프사이클7090연금증권전환형자투자신탁1호(채권)
KR5153420022_p27_0076,KR5153420022,미래에셋라이프사이클7090연금증권전환형자투자신탁1호(채권)
KR5153420022_p27_0077,KR5153420022,미래에셋라이프사이클7090연금증권전환형자투자신탁1호(채권)
KR5153420063_p3_0006,KR5153420063,미래에셋솔로몬단기국공채증권자투자신탁1호(채권)
KR5153420063_p3_0008,KR5153420063,미래에셋솔로몬단기국공채증권자투자신탁1호(채권)
KR5153420063_p24_0068,KR5153420063,미래에셋솔로몬단기국공채증권자투자신탁1호(채권)
KR5153420063_p24_0069,KR5153420063,미래에셋솔로몬단기국공채증권자투자신탁1호(채권)
KR5153420063_p24_0070,KR5153420063,미래에셋솔로몬단기국공채증권자투자신탁1호(채권)
KR5153420063_p25_0071,KR5153420063,미래에셋솔로몬단기국공채증권자투자신탁1호(채권)
KR5153420079_p4_0008,KR5153420079,미래에셋솔로몬중장기국공채증권자투자신탁1호(채권)
KR5153420079_p4_0011,KR5153420079,미래에셋솔로몬중장기국공채증권자투자신탁1호(채권)
KR5153420079_p27_0076,KR5153420079,미래에셋솔로몬중장기국공채증권자투자신탁1호(채권)
KR5153420079_p27_0079,KR5153420079,미래에셋솔로몬중장기국공채증권자투자신탁1호(채권)
KR5153420079_p28_0081,KR5153420079,미래에셋솔로몬중장기국공채증권자투자신탁1호(채권)
KR5153420105_p4_0008,KR5153420105,미래에셋솔로몬장기국공채증권자투자신탁1호(채권)
KR5153420105_p4_0011,KR5153420105,미래에셋솔로몬장기국공채증권자투자신탁1호(채권)
KR5153420105_p27_0073,KR5153420105,미래에셋솔로몬장기국공채증권자투자신탁1호(채권)
KR5153420105_p27_0074,KR5153420105,미래에셋솔로몬장기국공채증권자투자신탁1호(채권)
KR5153420105_p27_0076,KR5153420105,미래에셋솔로몬장기국공채증권자투자신탁1호(채권)
KR5153420105_p29_0080,KR5153420105,미래에셋솔로몬장기국공채증권자투자신탁1호(채권)
KR5153420105_p30_0083,KR5153420105,미래에셋솔로몬장기국공채증권자투자신탁1호(채권)
KR5153420318_p4_0005,KR5153420318,미래에셋AI퀀트미국투자등급회사채증권자투자신탁(채권)
KR5153420318_p5_0009,KR5153420318,미래에셋AI퀀트미국투자등급회사채증권자투자신탁(채권)
KR5153420318_p5_0012,KR5153420318,미래에셋AI퀀트미국투자등급회사채증권자투자신탁(채권)
KR5153420318_p32_0092,KR5153420318,미래에셋AI퀀트미국투자등급회사채증권자투자신탁(채권)
KR5153420318_p32_0094,KR5153420318,미래에셋AI퀀트미국투자등급회사채증권자투자신탁(채권)
KR5153420318_p33_0095,KR5153420318,미래에셋AI퀀트미국투자등급회사채증권자투자신탁(채권)
KR5153420318_p34_0098,KR5153420318,미래에셋AI퀀트미국투자등급회사채증권자투자신탁(채권)
KR5153420339_p29_0084,KR5153420339,미래에셋프리미엄크레딧초단기증권투자신탁(채권)
KR5153420339_p29_0086,KR5153420339,미래에셋프리미엄크레딧초단기증권투자신탁(채권)
KR5153420339_p30_0087,KR5153420339,미래에셋프리미엄크레딧초단기증권투자신탁(채권)
KR5153420339_p31_0091,KR5153420339,미래에셋프리미엄크레딧초단기증권투자신탁(채권)
KR5153450112_p3_0006,KR5153450112,미래에셋라이프사이클2030연금증권전환형자투자신탁1호(주식)
KR5153450112_p3_0008,KR5153450112,미래에셋라이프사이클2030연금증권전환형자투자신탁1호(주식)
KR5153450112_p33_0091,KR5153450112,미래에셋라이프사이클2030연금증권전환형자투자신탁1호(주식)
KR5153450112_p33_0092,KR5153450112,미래에셋라이프사이클2030연금증권전환형자투자신탁1호(주식)
KR5153450112_p33_0094,KR5153450112,미래에셋라이프사이클2030연금증권전환형자투자신탁1호(주식)
KR5153450112_p34_0095,KR5153450112,미래에셋라이프사이클2030연금증권전환형자투자신탁1호(주식)
KR5153450112_p34_0096,KR5153450112,미래에셋라이프사이클2030연금증권전환형자투자신탁1호(주식)
KR5153450209_p3_0006,KR5153450209,미래에셋퇴직연금코어밸류증권자투자신탁1호(주식)
KR5153450209_p3_0008,KR5153450209,미래에셋퇴직연금코어밸류증권자투자신탁1호(주식)
KR5153450209_p22_0063,KR5153450209,미래에셋퇴직연금코어밸류증권자투자신탁1호(주식)
KR5153450209_p22_0064,KR5153450209,미래에셋퇴직연금코어밸류증권자투자신탁1호(주식)
KR5153450209_p22_0065,KR5153450209,미래에셋퇴직연금코어밸류증권자투자신탁1호(주식)
KR5153450209_p23_0066,KR5153450209,미래에셋퇴직연금코어밸류증권자투자신탁1호(주식)
KR5153450250_p3_0006,KR5153450250,미래에셋퇴직연금고배당포커스증권자투자신탁1호(주식)
KR5153450250_p3_0008,KR5153450250,미래에셋퇴직연금고배당포커스증권자투자신탁1호(주식)
KR5153450250_p21_0059,KR5153450250,미래에셋퇴직연금고배당포커스증권자투자신탁1호(주식)
KR5153450250_p21_0062,KR5153450250,미래에셋퇴직연금고배당포커스증권자투자신탁1호(주식)
KR5153450250_p22_0063,KR5153450250,미래에셋퇴직연금고배당포커스증권자투자신탁1호(주식)
KR5153450250_p22_0064,KR5153450250,미래에셋퇴직연금고배당포커스증권자투자신탁1호(주식)
KR5153450268_p4_0008,KR5153450268,미래에셋스마트롱숏70증권자투자신탁1호(주식)
KR5153450268_p4_0011,KR5153450268,미래에셋스마트롱숏70증권자투자신탁1호(주식)
KR5153450268_p29_0083,KR5153450268,미래에셋스마트롱숏70증권자투자신탁1호(주식)
KR5153450268_p29_0085,KR5153450268,미래에셋스마트롱숏70증권자투자신탁1호(주식)
KR5153450268_p30_0087,KR5153450268,미래에셋스마트롱숏70증권자투자신탁1호(주식)
KR5153450431_p26_0072,KR5153450431,미래에셋인덱스플러스연금증권전환형자투자신탁1호(주식)
KR5153450431_p27_0074,KR5153450431,미래에셋인덱스플러스연금증권전환형자투자신탁1호(주식)
KR5153450431_p27_0075,KR5153450431,미래에셋인덱스플러스연금증권전환형자투자신탁1호(주식)
KR5153450658_p5_0009,KR5153450658,미래에셋솔로몬초단기국공채증권자투자신탁2호(채권)
KR5153450658_p5_0012,KR5153450658,미래에셋솔로몬초단기국공채증권자투자신탁2호(채권)
KR5153450658_p30_0081,KR5153450658,미래에셋솔로몬초단기국공채증권자투자신탁2호(채권)
KR5153450658_p30_0084,KR5153450658,미래에셋솔로몬초단기국공채증권자투자신탁2호(채권)
KR5153450658_p32_0088,KR5153450658,미래에셋솔로몬초단기국공채증권자투자신탁2호(채권)
KR5153450658_p33_0091,KR5153450658,미래에셋솔로몬초단기국공채증권자투자신탁2호(채권)
KR5153450772_p3_0009,KR5153450772,미래에셋그린뉴딜인덱스증권자투자신탁(주식)
KR5153450772_p4_0010,KR5153450772,미래에셋그린뉴딜인덱스증권자투자신탁(주식)
KR5153450772_p4_0013,KR5153450772,미래에셋그린뉴딜인덱스증권자투자신탁(주식)
KR5153450772_p29_0080,KR5153450772,미래에셋그린뉴딜인덱스증권자투자신탁(주식)
KR5153450772_p29_0081,KR5153450772,미래에셋그린뉴딜인덱스증권자투자신탁(주식)
KR5153450772_p29_0083,KR5153450772,미래에셋그린뉴딜인덱스증권자투자신탁(주식)
KR5153450772_p30_0085,KR5153450772,미래에셋그린뉴딜인덱스증권자투자신탁(주식)
KR5153450772_p31_0087,KR5153450772,미래에셋그린뉴딜인덱스증권자투자신탁(주식)
KR5153450785_p29_0078,KR5153450785,미래에셋코어테크증권자투자신탁(주식)
KR5153450785_p29_0080,KR5153450785,미래에셋코어테크증권자투자신탁(주식)
KR5153450785_p30_0081,KR5153450785,미래에셋코어테크증권자투자신탁(주식)
KR5153450785_p31_0084,KR5153450785,미래에셋코어테크증권자투자신탁(주식)
KR5153450791_p3_0006,KR5153450791,미래에셋퇴직플랜KRX100인덱스증권자투자신탁1호(주식)
KR5153450791_p21_0064,KR5153450791,미래에셋퇴직플랜KRX100인덱스증권자투자신탁1호(주식)
KR5153450791_p22_0066,KR5153450791,미래에셋퇴직플랜KRX100인덱스증권자투자신탁1호(주식)
KR5153450791_p22_0067,KR5153450791,미래에셋퇴직플랜KRX100인덱스증권자투자신탁1호(주식)
KR5153451009_p3_0006,KR5153451009,미래에셋연금아시아퍼시픽소비성장증권자투자신탁1호(주식)
KR5153451009_p27_0075,KR5153451009,미래에셋연금아시아퍼시픽소비성장증권자투자신탁1호(주식)
KR5153451009_p27_0076,KR5153451009,미래에셋연금아시아퍼시픽소비성장증권자투자신탁1호(주식)
KR5153451009_p27_0078,KR5153451009,미래에셋연금아시아퍼시픽소비성장증권자투자신탁1호(주식)
KR5153451009_p28_0079,KR5153451009,미래에셋연금아시아퍼시픽소비성장증권자투자신탁1호(주식)
KR5153451009_p28_0080,KR5153451009,미래에셋연금아시아퍼시픽소비성장증권자투자신탁1호(주식)
KR5153451009_p29_0083,KR5153451009,미래에셋연금아시아퍼시픽소비성장증권자투자신탁1호(주식)
KR5153520012_p3_0006,KR5153520012,미래에셋퇴직플랜증권자투자신탁1호(채권)
KR5153520012_p3_0008,KR5153520012,미래에셋퇴직플랜증권자투자신탁1호(채권)
KR5153520012_p22_0063,KR5153520012,미래에셋퇴직플랜증권자투자신탁1호(채권)
KR5153520012_p22_0064,KR5153520012,미래에셋퇴직플랜증권자투자신탁1호(채권)
KR5153520012_p22_0065,KR5153520012,미래에셋퇴직플랜증권자투자신탁1호(채권)
KR5153520012_p23_0067,KR5153520012,미래에셋퇴직플랜증권자투자신탁1호(채권)
KR5156450026_p4_0006,KR5156450026,베어링 고배당 증권자투자신탁(주식)
KR5156450026_p4_0008,KR5156450026,베어링 고배당 증권자투자신탁(주식)
KR5156450026_p31_0083,KR5156450026,베어링 고배당 증권자투자신탁(주식)
KR5156450026_p31_0087,KR5156450026,베어링 고배당 증권자투자신탁(주식)
KR5156450026_p32_0089,KR5156450026,베어링 고배당 증권자투자신탁(주식)
KR5156450026_p33_0091,KR5156450026,베어링 고배당 증권자투자신탁(주식)
KR5157420003_p4_0009,KR5157420003,마이다스 우량채권 증권 자투자신탁 제1호(채권)
KR5157420003_p29_0072,KR5157420003,마이다스 우량채권 증권 자투자신탁 제1호(채권)
KR5157420003_p30_0076,KR5157420003,마이다스 우량채권 증권 자투자신탁 제1호(채권)
KR5157420003_p31_0079,KR5157420003,마이다스 우량채권 증권 자투자신탁 제1호(채권)
KR5157420003_p31_0080,KR5157420003,마이다스 우량채권 증권 자투자신탁 제1호(채권)
KR5157420003_p32_0082,KR5157420003,마이다스 우량채권 증권 자투자신탁 제1호(채권)
KR5157450017_p4_0009,KR5157450017,마이다스 책임투자 증권 투자신탁(주식)
KR5157450017_p30_0078,KR5157450017,마이다스 책임투자 증권 투자신탁(주식)
KR5157450017_p31_0081,KR5157450017,마이다스 책임투자 증권 투자신탁(주식)
KR5157450017_p32_0085,KR5157450017,마이다스 책임투자 증권 투자신탁(주식)
KR5157450090_p4_0009,KR5157450090,마이다스 거북이 90 증권 자투자신탁 1호(주식)
KR5157450090_p35_0092,KR5157450090,마이다스 거북이 90 증권 자투자신탁 1호(주식)
KR5157450090_p36_0095,KR5157450090,마이다스 거북이 90 증권 자투자신탁 1호(주식)
KR5157450090_p36_0096,KR5157450090,마이다스 거북이 90 증권 자투자신탁 1호(주식)
KR5157450090_p37_0099,KR5157450090,마이다스 거북이 90 증권 자투자신탁 1호(주식)
KR5157450090_p37_0100,KR5157450090,마이다스 거북이 90 증권 자투자신탁 1호(주식)
KR5160420009_p14_0030,KR5160420009,코레이트셀렉트단기채증권투자신탁[채권]
KR5160420009_p14_0031,KR5160420009,코레이트셀렉트단기채증권투자신탁[채권]
KR5160420009_p15_0032,KR5160420009,코레이트셀렉트단기채증권투자신탁[채권]
KR5160420009_p15_0034,KR5160420009,코레이트셀렉트단기채증권투자신탁[채권]
KR5160420009_p25_0061,KR5160420009,코레이트셀렉트단기채증권투자신탁[채권]
KR5160420009_p25_0062,KR5160420009,코레이트셀렉트단기채증권투자신탁[채권]
KR5160420009_p25_0063,KR5160420009,코레이트셀렉트단기채증권투자신탁[채권]
KR5160420009_p26_0064,KR5160420009,코레이트셀렉트단기채증권투자신탁[채권]
KR5160420009_p26_0065,KR5160420009,코레이트셀렉트단기채증권투자신탁[채권]
KR5160420009_p26_0067,KR5160420009,코레이트셀렉트단기채증권투자신탁[채권]
KR5160420009_p28_0072,KR5160420009,코레이트셀렉트단기채증권투자신탁[채권]
KR516702010M_p22_0073,KR516702010M,에셋플러스 코리아 리치투게더 연금 증권 자투자신탁 1호(주식)
KR516702010M_p22_0076,KR516702010M,에셋플러스 코리아 리치투게더 연금 증권 자투자신탁 1호(주식)
KR516702010M_p23_0078,KR516702010M,에셋플러스 코리아 리치투게더 연금 증권 자투자신탁 1호(주식)
KR516702010M_p23_0080,KR516702010M,에셋플러스 코리아 리치투게더 연금 증권 자투자신탁 1호(주식)
KR5169950018_p33_0087,KR5169950018,디에스Maestro증권자투자신탁[주식]
KR5169950018_p34_0088,KR5169950018,디에스Maestro증권자투자신탁[주식]
KR5172450019_p4_0007,KR5172450019,트러스톤칭기스칸증권투자신탁[주식]
KR5172450019_p25_0058,KR5172450019,트러스톤칭기스칸증권투자신탁[주식]
KR5172450019_p26_0060,KR5172450019,트러스톤칭기스칸증권투자신탁[주식]
KR5172450019_p27_0061,KR5172450019,트러스톤칭기스칸증권투자신탁[주식]
KR5172450019_p27_0062,KR5172450019,트러스톤칭기스칸증권투자신탁[주식]
KR5172450019_p28_0064,KR5172450019,트러스톤칭기스칸증권투자신탁[주식]
KR5174420011_p4_0007,KR5174420011,한국밸류 10년투자 연금 증권전환형자투자신탁 1호(채권)
KR5174420011_p26_0069,KR5174420011,한국밸류 10년투자 연금 증권전환형자투자신탁 1호(채권)
KR5174420011_p27_0071,KR5174420011,한국밸류 10년투자 연금 증권전환형자투자신탁 1호(채권)
KR5174420011_p27_0073,KR5174420011,한국밸류 10년투자 연금 증권전환형자투자신탁 1호(채권)
KR5174420011_p28_0075,KR5174420011,한국밸류 10년투자 연금 증권전환형자투자신탁 1호(채권)
KR5174420011_p28_0076,KR5174420011,한국밸류 10년투자 연금 증권전환형자투자신탁 1호(채권)
KR518101002M_p3_0006,KR518101002M,미래에셋퇴직플랜단기증권자투자신탁1호(채권)
KR518101002M_p22_0064,KR518101002M,미래에셋퇴직플랜단기증권자투자신탁1호(채권)
KR518101002M_p22_0067,KR518101002M,미래에셋퇴직플랜단기증권자투자신탁1호(채권)
KR518101002M_p23_0068,KR518101002M,미래에셋퇴직플랜단기증권자투자신탁1호(채권)
KR518101012M_p5_0007,KR518101012M,한국투자 퇴직연금 증권 자투자신탁 1호(국공채)
KR518101012M_p6_0014,KR518101012M,한국투자 퇴직연금 증권 자투자신탁 1호(국공채)
KR518101012M_p6_0015,KR518101012M,한국투자 퇴직연금 증권 자투자신탁 1호(국공채)
KR518101012M_p35_0081,KR518101012M,한국투자 퇴직연금 증권 자투자신탁 1호(국공채)
KR518101012M_p35_0083,KR518101012M,한국투자 퇴직연금 증권 자투자신탁 1호(국공채)
KR518101012M_p36_0085,KR518101012M,한국투자 퇴직연금 증권 자투자신탁 1호(국공채)
KR518101012M_p36_0086,KR518101012M,한국투자 퇴직연금 증권 자투자신탁 1호(국공채)
KR518101012M_p37_0087,KR518101012M,한국투자 퇴직연금 증권 자투자신탁 1호(국공채)
KR518101012M_p37_0089,KR518101012M,한국투자 퇴직연금 증권 자투자신탁 1호(국공채)
KR5185450009_p3_0007,KR5185450009,키움 차세대모빌리티 증권 자투자신탁 제1호[주식]
KR5185450009_p28_0090,KR5185450009,키움 차세대모빌리티 증권 자투자신탁 제1호[주식]
KR5185450009_p30_0097,KR5185450009,키움 차세대모빌리티 증권 자투자신탁 제1호[주식]
KR5185450009_p30_0098,KR5185450009,키움 차세대모빌리티 증권 자투자신탁 제1호[주식]
KR5185450009_p30_0099,KR5185450009,키움 차세대모빌리티 증권 자투자신탁 제1호[주식]
KR5185450009_p30_0100,KR5185450009,키움 차세대모빌리티 증권 자투자신탁 제1호[주식]
KR5185450009_p31_0101,KR5185450009,키움 차세대모빌리티 증권 자투자신탁 제1호[주식]
KR5185450009_p31_0104,KR5185450009,키움 차세대모빌리티 증권 자투자신탁 제1호[주식]
KR5194450018_p5_0008,KR5194450018,스팍스한국엄선투자증권자투자신탁[주식] [AY119]
KR5194450018_p5_0009,KR5194450018,스팍스한국엄선투자증권자투자신탁[주식] [AY119]
KR5194450018_p17_0043,KR5194450018,스팍스한국엄선투자증권자투자신탁[주식] [AY119]
KR5194450018_p17_0044,KR5194450018,스팍스한국엄선투자증권자투자신탁[주식] [AY119]
KR5194450018_p17_0045,KR5194450018,스팍스한국엄선투자증권자투자신탁[주식] [AY119]
KR5194450018_p18_0046,KR5194450018,스팍스한국엄선투자증권자투자신탁[주식] [AY119]
KR5194450018_p18_0047,KR5194450018,스팍스한국엄선투자증권자투자신탁[주식] [AY119]
KR5194450018_p18_0048,KR5194450018,스팍스한국엄선투자증권자투자신탁[주식] [AY119]
KR5194450018_p36_0085,KR5194450018,스팍스한국엄선투자증권자투자신탁[주식] [AY119]
KR5194450018_p37_0089,KR5194450018,스팍스한국엄선투자증권자투자신탁[주식] [AY119]
KR5194450018_p38_0092,KR5194450018,스팍스한국엄선투자증권자투자신탁[주식] [AY119]
KR5194450018_p38_0093,KR5194450018,스팍스한국엄선투자증권자투자신탁[주식] [AY119]
KR555202013M_p4_0006,KR555202013M,베어링 고배당 증권 투자회사(주식)
KR555202013M_p23_0057,KR555202013M,베어링 고배당 증권 투자회사(주식)
KR555202013M_p23_0058,KR555202013M,베어링 고배당 증권 투자회사(주식)
KR555202013M_p23_0060,KR555202013M,베어링 고배당 증권 투자회사(주식)
KR555202013M_p24_0061,KR555202013M,베어링 고배당 증권 투자회사(주식)
KR555202013M_p24_0062,KR555202013M,베어링 고배당 증권 투자회사(주식)
아키텍처_분석_p6_0009,,
아키텍처_분석_p8_0011,,
아키텍처_분석_p9_0014,,
COMMON_69de38bfc7f3,,
COMMON_54219a69c53d,,
COMMON_de44a434437b,,
COMMON_121d9fa242c2,,
COMMON_bef383bae7bf,,
COMMON_502113cf7213,,
COMMON_37a8f7316e5e,,
COMMON_2dd4175f9e7d,,
COMMON_0f310f7089b0,,
COMMON_bc4232733d15,,
COMMON_367f7091434b,,
COMMON_fc674624dcb0,,
COMMON_f02b52fb58bf,,
COMMON_ce52de06c88f,,
COMMON_54779de4d4a6,,
COMMON_b8766cf8b434,,
COMMON_cd37adeb795f,,
COMMON_28b7813a78d1,,
COMMON_6d61df6f24b2,,
COMMON_e637bf22187e,,
COMMON_3389dde70143,,
COMMON_238b49884e4f,,
COMMON_f97a7ddece01,,
COMMON_23de5c99727b,,
COMMON_960f9be2407a,,
COMMON_85b8f4e6bc01,,
COMMON_4a4eb83d32f1,,
COMMON_cdd56a44d4fe,,
COMMON_b01ce0583530,,
COMMON_a58720460270,,
COMMON_81311ebae845,,
COMMON_106524badb65,,
COMMON_e395b155378b,,
COMMON_a0cd68df7126,,
COMMON_385fd6a6b006,,
COMMON_1fc3b12d5f76,,
COMMON_f16b4a9221f4,,
COMMON_b0aafd54efde,,
COMMON_2e4ad475f616,,
COMMON_ccd2ae776359,,
COMMON_979f35eefe8e,,
COMMON_eadbc5f63b2a,,
COMMON_7b3d351a332f,,
doc37_p4_0002,,
doc37_p5_0002,,
