fund_code,fund_name,base_date,class_label,class_code,account_type,channel,front_load_text,fee_total,fee_distribution,fee_peer_avg,fee_total_cost,chunk_id,page,source_path
KR510902511M,미래에셋장기성장포커스증권자투자신탁1호(주식),2025-01-17,수수료선취-오프라인(A),A,,오프라인,납입금 액의 1% 이내,1.47,0.7,1.37,1.47,KR510902511M_p3_0007,3,투자설명서 복사본/KR510902511M/R2_KR510902511M.pdf
KR510902511M,미래에셋장기성장포커스증권자투자신탁1호(주식),2025-01-17,수수료미징구-오프라인-보 수체감(C1),C1,,오프라인,-,2.07,1.3,1.58,2.07,KR510902511M_p3_0007,3,투자설명서 복사본/KR510902511M/R2_KR510902511M.pdf
KR510902511M,미래에셋장기성장포커스증권자투자신탁1호(주식),2025-01-17,수수료선취-온라인(A-e),A-e,,온라인,납입금 액의 0.5% 이내,1.12,0.35,1.01,1.12,KR510902511M_p3_0007,3,투자설명서 복사본/KR510902511M/R2_KR510902511M.pdf
KR510902511M,미래에셋장기성장포커스증권자투자신탁1호(주식),2025-01-17,수수료미징구-온라인(C-e),C-e,,온라인,-,1.27,0.5,1.19,1.27,KR510902511M_p3_0007,3,투자설명서 복사본/KR510902511M/R2_KR510902511M.pdf
KR510902511M,미래에셋장기성장포커스증권자투자신탁1호(주식),2025-01-17,수수료미징구-오프라인-개 인연금(C-P),C-P,연금저축,오프라인,-,1.57,0.8,,1.57,KR510902511M_p3_0007,3,투자설명서 복사본/KR510902511M/R2_KR510902511M.pdf
KR510902511M,미래에셋장기성장포커스증권자투자신탁1호(주식),2025-01-17,수수료미징구-오프라인-퇴 직연금(C-P2),C-P2,퇴직연금,오프라인,-,1.41,0.64,,1.41,KR510902511M_p3_0007,3,투자설명서 복사본/KR510902511M/R2_KR510902511M.pdf
KR510902773M,미래에셋고배당포커스연금저축증권전환형자투자신탁1호(주식),2025-11-07,수수료미징구-오프라인-개 인연금(C),C,연금저축,오프라인,-,1.54,0.95,,1.54,KR510902773M_p3_0007,3,투자설명서 복사본/KR510902773M/R2_KR510902773M.pdf
KR510902773M,미래에셋고배당포커스연금저축증권전환형자투자신탁1호(주식),2025-11-07,수수료미징구-온라인-개인 연금(C-e),C-e,연금저축,온라인,-,1.065,0.475,,1.065,KR510902773M_p3_0007,3,투자설명서 복사본/KR510902773M/R2_KR510902773M.pdf
KR510902777M,미래에셋코어밸류연금저축증권전환형자투자신탁1호(주식),2025-11-07,수수료미징구-오프라인-개 인연금(C),C,연금저축,오프라인,-,1.54,0.95,,1.54,KR510902777M_p3_0007,3,투자설명서 복사본/KR510902777M/R2_KR510902777M.pdf
KR510902777M,미래에셋코어밸류연금저축증권전환형자투자신탁1호(주식),2025-11-07,수수료미징구-온라인-개인 연금(C-e),C-e,연금저축,온라인,-,1.065,0.475,,1.065,KR510902777M_p3_0007,3,투자설명서 복사본/KR510902777M/R2_KR510902777M.pdf
KR5110501016,미래에셋프리미엄크레딧알파증권자투자신탁(채권),2025-12-23,수수료선취-오프라인(A),A,,오프라인,납입금 액의 0.1% 이내,0.3,0.2,0.33,0.31,KR5110501016_p3_0007,3,투자설명서 복사본/KR5110501016/R2_KR5110501016.pdf
KR5110501016,미래에셋프리미엄크레딧알파증권자투자신탁(채권),2025-12-23,수수료미징구-오프라인(C),C,,오프라인,-,0.39,0.29,0.4,0.4,KR5110501016_p3_0007,3,투자설명서 복사본/KR5110501016/R2_KR5110501016.pdf
KR5110501016,미래에셋프리미엄크레딧알파증권자투자신탁(채권),2025-12-23,수수료선취-온라인(A-e),A-e,,온라인,납입금 액의 0.05% 이내,0.2,0.1,0.25,0.21,KR5110501016_p3_0007,3,투자설명서 복사본/KR5110501016/R2_KR5110501016.pdf
KR5110501016,미래에셋프리미엄크레딧알파증권자투자신탁(채권),2025-12-23,수수료미징구-온라인(Ce),Ce,,온라인,-,0.245,0.145,0.27,0.255,KR5110501016_p3_0007,3,투자설명서 복사본/KR5110501016/R2_KR5110501016.pdf
KR5110501016,미래에셋프리미엄크레딧알파증권자투자신탁(채권),2025-12-23,수수료미징구-오프라인-개 인연금(C-P),C-P,연금저축,오프라인,-,0.33,0.23,,0.34,KR5110501016_p3_0007,3,투자설명서 복사본/KR5110501016/R2_KR5110501016.pdf
KR5110601022,미래에셋차세대Fun인덱스증권자투자신탁[주식],2025-07-04,수수료선취-오프라인(A),A,,오프라인,납입금 액의 0.5% 이내,0.2775,0.1,1.37,0.2775,KR5110601022_p3_0007,3,투자설명서 복사본/KR5110601022/R2_KR5110601022.pdf
KR5110601022,미래에셋차세대Fun인덱스증권자투자신탁[주식],2025-07-04,수수료미징구-오프라인(C),C,,오프라인,-,0.5775,0.4,1.58,0.5775,KR5110601022_p3_0007,3,투자설명서 복사본/KR5110601022/R2_KR5110601022.pdf
KR5110601022,미래에셋차세대Fun인덱스증권자투자신탁[주식],2025-07-04,수수료선취-온라인(Ae),Ae,,온라인,납입금 액의 0.25% 이내,0.2275,0.05,1.01,0.2275,KR5110601022_p3_0007,3,투자설명서 복사본/KR5110601022/R2_KR5110601022.pdf
KR5110601022,미래에셋차세대Fun인덱스증권자투자신탁[주식],2025-07-04,수수료미징구-온라인(Ce),Ce,,온라인,-,0.2775,0.1,1.19,0.2775,KR5110601022_p3_0007,3,투자설명서 복사본/KR5110601022/R2_KR5110601022.pdf
KR5110601022,미래에셋차세대Fun인덱스증권자투자신탁[주식],2025-07-04,수수료미징구-오프라인-개 인연금(C-P),C-P,연금저축,오프라인,-,0.4825,0.305,,0.4825,KR5110601022_p3_0007,3,투자설명서 복사본/KR5110601022/R2_KR5110601022.pdf
KR5111420047,하나파워e단기채증권자투자신탁[채권],2025-05-16,수수료선취-오프라인(A),A,,오프라인,,0.1736,,,,KR5111420047_p5_0011,5,투자설명서 복사본/KR5111420047/R2_KR5111420047.pdf
KR5111420047,하나파워e단기채증권자투자신탁[채권],2025-05-16,수수료미징구-오프라인(C),C,,오프라인,,0.187,,,,KR5111420047_p5_0011,5,투자설명서 복사본/KR5111420047/R2_KR5111420047.pdf
KR5111420047,하나파워e단기채증권자투자신탁[채권],2025-05-16,수수료선취-온라인(A-E),A-E,,온라인,,0.1236,,,,KR5111420047_p5_0011,5,투자설명서 복사본/KR5111420047/R2_KR5111420047.pdf
KR5111420047,하나파워e단기채증권자투자신탁[채권],2025-05-16,수수료미징구-온라인(C-E),C-E,,온라인,,0.1303,,,,KR5111420047_p5_0011,5,투자설명서 복사본/KR5111420047/R2_KR5111420047.pdf
KR5111420047,하나파워e단기채증권자투자신탁[채권],2025-05-16,수수료미징구-오프라인-개인연금(C-P),C-P,연금저축,오프라인,,0.177,,,,KR5111420047_p5_0011,5,투자설명서 복사본/KR5111420047/R2_KR5111420047.pdf
KR5111420047,하나파워e단기채증권자투자신탁[채권],2025-05-16,수수료미징구-오프라인-퇴직연금(C-P2),C-P2,퇴직연금,오프라인,,0.1736,,,,KR5111420047_p5_0011,5,투자설명서 복사본/KR5111420047/R2_KR5111420047.pdf
KR5111450067,하나IT코리아증권자투자신탁(제1호)[주식],2025-06-27,수수료선취-오프라인(A),A,,오프라인,,1.54,,,,KR5111450067_p6_0013,6,투자설명서 복사본/KR5111450067/R2_KR5111450067.pdf
KR5111450067,하나IT코리아증권자투자신탁(제1호)[주식],2025-06-27,수수료미징구-오프라인-보수체감(C1),C1,,오프라인,,2.3026,,,,KR5111450067_p6_0013,6,투자설명서 복사본/KR5111450067/R2_KR5111450067.pdf
KR5111450067,하나IT코리아증권자투자신탁(제1호)[주식],2025-06-27,수수료선취-온라인(A-E),A-E,,온라인,,1.1713,,,,KR5111450067_p6_0013,6,투자설명서 복사본/KR5111450067/R2_KR5111450067.pdf
KR5111450067,하나IT코리아증권자투자신탁(제1호)[주식],2025-06-27,수수료미징구-온라인(C-E),C-E,,온라인,,1.4926,,,,KR5111450067_p6_0013,6,투자설명서 복사본/KR5111450067/R2_KR5111450067.pdf
KR5111450067,하나IT코리아증권자투자신탁(제1호)[주식],2025-06-27,수수료미징구-오프라인-개인연금(C-P),C-P,연금저축,오프라인,,1.5026,,,,KR5111450067_p6_0013,6,투자설명서 복사본/KR5111450067/R2_KR5111450067.pdf
KR5111450067,하나IT코리아증권자투자신탁(제1호)[주식],2025-06-27,수수료미징구-오프라인-퇴직연금(C-P2),C-P2,퇴직연금,오프라인,,1.4026,,,,KR5111450067_p6_0013,6,투자설명서 복사본/KR5111450067/R2_KR5111450067.pdf
KR5113420069,한국투자 크레딧포커스 ESG 증권 자투자신탁 1호(채권),2025-11-28,수수료선 취-오프 라인 (A),A,,오프라인,,0.391,,,,KR5113420069_p6_0010,6,투자설명서 복사본/KR5113420069/R2_KR5113420069.pdf
KR5113450401,한국투자 중소밸류 증권 자투자신탁(주식),2025-08-29,수수료 선취-오 프라인 (A),A,,오프라인,,1.3,,,,KR5113450401_p6_0010,6,투자설명서 복사본/KR5113450401/R2_KR5113450401.pdf
KR5114420016,삼성ABF코리아장기채권인덱스증권투자신탁[채권],2025-05-30,수수료미징구-오프라인-기 관(A),A,,오프라인,없음,0.235,0.05,,0.2863,KR5114420016_p7_0012,7,투자설명서 복사본/KR5114420016/R2_KR5114420016.pdf
KR5114420016,삼성ABF코리아장기채권인덱스증권투자신탁[채권],2025-05-30,수수료미징구-오프라인-개 인연금(C-P),C-P,연금저축,오프라인,없음,0.559,0.374,,0.6099,KR5114420016_p7_0012,7,투자설명서 복사본/KR5114420016/R2_KR5114420016.pdf
KR5114420016,삼성ABF코리아장기채권인덱스증권투자신탁[채권],2025-05-30,수수료미징구-오프라인(R),R,,오프라인,없음,0.6,0.415,,0.6488,KR5114420016_p7_0012,7,투자설명서 복사본/KR5114420016/R2_KR5114420016.pdf
KR5114420016,삼성ABF코리아장기채권인덱스증권투자신탁[채권],2025-05-30,수수료선취-오프라인(R-A),R-A,,오프라인,납입금액의 0.3% 이내,0.4,0.215,,0.4566,KR5114420016_p7_0012,7,투자설명서 복사본/KR5114420016/R2_KR5114420016.pdf
KR5114420016,삼성ABF코리아장기채권인덱스증권투자신탁[채권],2025-05-30,수수료후취-온라인슈퍼(S),S,,온라인슈퍼,3년 미만 환매시: 환매금액의 0.15% 이내,0.335,0.15,,0.3862,KR5114420016_p7_0012,7,투자설명서 복사본/KR5114420016/R2_KR5114420016.pdf
KR5114420022,삼성클래식연금증권전환형투자신탁 제1호[채권],2025-03-07,수수료미징구-오프라인-개 인연금(C),C,연금저축,오프라인,없음,0.95,0.65,0.39,0.9607,KR5114420022_p7_0011,7,투자설명서 복사본/KR5114420022/R2_KR5114420022.pdf
KR5114420022,삼성클래식연금증권전환형투자신탁 제1호[채권],2025-03-07,수수료미징구-온라인-개인 연금(Ce),Ce,연금저축,온라인,없음,0.625,0.325,0.25,0.6356,KR5114420022_p7_0011,7,투자설명서 복사본/KR5114420022/R2_KR5114420022.pdf
KR5114420027,삼성코리아중기채권증권자투자신탁 제1호[채권],2025-07-18,수수료선취-오프라인(A),A,,오프라인,납입금액의 100분의 0.3 이내,0.3,0.17,0.34,0.3144,KR5114420027_p7_0011,7,투자설명서 복사본/KR5114420027/R2_KR5114420027.pdf
KR5114420027,삼성코리아중기채권증권자투자신탁 제1호[채권],2025-07-18,수수료미징구-오프라인(C),C,,오프라인,없음,0.45,0.32,0.4,0.4618,KR5114420027_p7_0011,7,투자설명서 복사본/KR5114420027/R2_KR5114420027.pdf
KR5114420027,삼성코리아중기채권증권자투자신탁 제1호[채권],2025-07-18,수수료선취-온라인(Ae),Ae,,온라인,납입금액의 100분의 0.15 이 내,0.215,0.085,0.25,0.2295,KR5114420027_p7_0011,7,투자설명서 복사본/KR5114420027/R2_KR5114420027.pdf
KR5114420027,삼성코리아중기채권증권자투자신탁 제1호[채권],2025-07-18,수수료미징구-온라인(Ce),Ce,,온라인,없음,0.289,0.159,0.26,0.3035,KR5114420027_p7_0011,7,투자설명서 복사본/KR5114420027/R2_KR5114420027.pdf
KR5114420027,삼성코리아중기채권증권자투자신탁 제1호[채권],2025-07-18,수수료미징구-오프라인-개 인연금(C-P),C-P,연금저축,오프라인,없음,0.43,0.3,,0.4444,KR5114420027_p7_0011,7,투자설명서 복사본/KR5114420027/R2_KR5114420027.pdf
KR5114420027,삼성코리아중기채권증권자투자신탁 제1호[채권],2025-07-18,수수료미징구-온라인-개인 연금(C-Pe),C-Pe,연금저축,온라인,없음,0.29,0.16,,0.3047,KR5114420027_p7_0011,7,투자설명서 복사본/KR5114420027/R2_KR5114420027.pdf
KR5114420046,삼성퇴직연금인덱스12M증권자투자신탁 제1호[채권],2026-01-13,수수료미징구-오프라인-퇴 직연금(C),C,퇴직연금,오프라인,없음,0.42,0.28,0.4,0.4313,KR5114420046_p7_0011,7,투자설명서 복사본/KR5114420046/R2_KR5114420046.pdf
KR5114420046,삼성퇴직연금인덱스12M증권자투자신탁 제1호[채권],2026-01-13,수수료미징구-온라인-퇴직 연금(Ce),Ce,퇴직연금,온라인,없음,0.28,0.14,0.26,0.2913,KR5114420046_p7_0011,7,투자설명서 복사본/KR5114420046/R2_KR5114420046.pdf
KR5114420046,삼성퇴직연금인덱스12M증권자투자신탁 제1호[채권],2026-01-13,"수수료미징구-오프라인-기 관,퇴직연금(Cf)",Cf,퇴직연금,오프라인,없음,0.17,0.03,,0.17,KR5114420046_p7_0011,7,투자설명서 복사본/KR5114420046/R2_KR5114420046.pdf
KR5114450222,삼성클래식연금증권전환형자투자신탁 제1호[주식],2025-01-24,수수료미징구-오프라인-개 인연금(C),C,연금저축,오프라인,없음,1.47,0.95,1.59,1.4742,KR5114450222_p7_0012,7,투자설명서 복사본/KR5114450222/R2_KR5114450222.pdf
KR5114450222,삼성클래식연금증권전환형자투자신탁 제1호[주식],2025-01-24,수수료미징구-온라인-개인 연금(Ce),Ce,연금저축,온라인,없음,0.995,0.475,1.17,0.999,KR5114450222_p7_0012,7,투자설명서 복사본/KR5114450222/R2_KR5114450222.pdf
KR5114450222,삼성클래식연금증권전환형자투자신탁 제1호[주식],2025-01-24,수수료미징구-온라인슈퍼- 개인연금(S-P),S-P,연금저축,온라인슈퍼,없음,0.8,0.28,,0.8022,KR5114450222_p7_0012,7,투자설명서 복사본/KR5114450222/R2_KR5114450222.pdf
KR5114450270,삼성퇴직연금KOSPI200증권자투자신탁 제1호[주식],2026-01-13,수수료미징구-오프라인-퇴 직연금(C),C,퇴직연금,오프라인,없음,0.59,0.4,1.6,0.6146,KR5114450270_p7_0012,7,투자설명서 복사본/KR5114450270/R2_KR5114450270.pdf
KR5114450270,삼성퇴직연금KOSPI200증권자투자신탁 제1호[주식],2026-01-13,수수료미징구-온라인-퇴직 연금(Ce),Ce,퇴직연금,온라인,없음,0.39,0.2,1.14,0.4148,KR5114450270_p7_0012,7,투자설명서 복사본/KR5114450270/R2_KR5114450270.pdf
KR5114450270,삼성퇴직연금KOSPI200증권자투자신탁 제1호[주식],2026-01-13,"수수료미징구-오프라인-기 관,퇴직연금(Cf)",Cf,퇴직연금,오프라인,없음,0.22,0.03,,0.22,KR5114450270_p7_0012,7,투자설명서 복사본/KR5114450270/R2_KR5114450270.pdf
KR5114450270,삼성퇴직연금KOSPI200증권자투자신탁 제1호[주식],2026-01-13,수수료미징구-온라인슈퍼- 퇴직연금(Sp),Sp,퇴직연금,온라인슈퍼,없음,0.35,0.16,,0.3741,KR5114450270_p7_0012,7,투자설명서 복사본/KR5114450270/R2_KR5114450270.pdf
KR5116501001,명 칭 금융투자협회 펀드코드,2021-02-01,수수료미징구-온라인-,,,온라인,-,0.385,0.15,,,KR5116501001_p5_0010,5,투자설명서 복사본/KR5116501001/R2_KR5116501001.pdf
KR5117420097,신한초단기채증권투자신탁[채권],2025-08-07,수수료선취 - 오프라인(A1),A1,,오프라인,납입금액 의 0.300% 이내,0.18,0.1,0.31,0.1882,KR5117420097_p4_0006,4,투자설명서 복사본/KR5117420097/R2_KR5117420097.pdf
KR5117420097,신한초단기채증권투자신탁[채권],2025-08-07,수수료미징구 - 오프라인(C1),C1,,오프라인,없음,0.38,0.3,0.39,0.3888,KR5117420097_p4_0006,4,투자설명서 복사본/KR5117420097/R2_KR5117420097.pdf
KR5117420097,신한초단기채증권투자신탁[채권],2025-08-07,수수료선취 - 온라인(A-e),A-e,,온라인,납입금액 의 0.150% 이내,0.13,0.05,0.23,0.1384,KR5117420097_p4_0006,4,투자설명서 복사본/KR5117420097/R2_KR5117420097.pdf
KR5118201004,우리하이플러스채권증권자투자신탁1호(채권),2025-10-31,수수료선취- 오프라인(B),B,,오프라인,납입금액의 0.3%이내,0.392,,0.34,0.4017,KR5118201004_p4_0008,4,투자설명서 복사본/KR5118201004/R2_KR5118201004.pdf
KR5118201004,우리하이플러스채권증권자투자신탁1호(채권),2025-10-31,수수료미징구- 오프라인(A),A,,오프라인,없음,0.59,,0.4,0.5997,KR5118201004_p4_0008,4,투자설명서 복사본/KR5118201004/R2_KR5118201004.pdf
KR5118201004,우리하이플러스채권증권자투자신탁1호(채권),2025-10-31,수수료선취- 온라인(B-e),B-e,,온라인,납입금액의 0.15%이내,0.292,,0.25,0.3018,KR5118201004_p4_0008,4,투자설명서 복사본/KR5118201004/R2_KR5118201004.pdf
KR5118201004,우리하이플러스채권증권자투자신탁1호(채권),2025-10-31,수수료미징구- 온라인(A-e),A-e,,온라인,없음,0.391,,0.27,0.4007,KR5118201004_p4_0008,4,투자설명서 복사본/KR5118201004/R2_KR5118201004.pdf
KR5118201004,우리하이플러스채권증권자투자신탁1호(채권),2025-10-31,수수료미징구- 오프라인- 퇴직연금(C-P),C-P,퇴직연금,오프라인,없음,0.352,,,0.3617,KR5118201004_p4_0008,4,투자설명서 복사본/KR5118201004/R2_KR5118201004.pdf
KR5118420006,우리나라초단기채권증권투자신탁[채권],2025-10-31,수수료선취- 오프라인(A1),A1,,오프라인,납입금액의 0.30% 이내,0.2,,0.34,0.2095,KR5118420006_p4_0007,4,투자설명서 복사본/KR5118420006/R2_KR5118420006.pdf
KR5118420006,우리나라초단기채권증권투자신탁[채권],2025-10-31,수수료미징구- 오프라인(C),C,,오프라인,없음,0.4,,0.4,0.4095,KR5118420006_p4_0007,4,투자설명서 복사본/KR5118420006/R2_KR5118420006.pdf
KR5118420006,우리나라초단기채권증권투자신탁[채권],2025-10-31,수수료선취- 오프라인(A2),A2,,오프라인,납입금액의 0.20% 이내,0.3,,0.34,0.3095,KR5118420006_p4_0007,4,투자설명서 복사본/KR5118420006/R2_KR5118420006.pdf
KR5118420062,우리단기채권증권투자신탁(채권),2025-10-31,수수료선취- 오프라인(A),A,,오프라인,납입금액의 0.05%이내,0.25,,0.34,0.2594,KR5118420062_p4_0008,4,투자설명서 복사본/KR5118420062/R2_KR5118420062.pdf
KR5118420062,우리단기채권증권투자신탁(채권),2025-10-31,수수료미징구- 오프라인(C),C,,오프라인,없음,0.45,,0.4,0.4594,KR5118420062_p4_0008,4,투자설명서 복사본/KR5118420062/R2_KR5118420062.pdf
KR5118420062,우리단기채권증권투자신탁(채권),2025-10-31,수수료선취- 온라인(A-e),A-e,,온라인,납입금액의 0.03%이내,0.2,,0.25,0.2094,KR5118420062_p4_0008,4,투자설명서 복사본/KR5118420062/R2_KR5118420062.pdf
KR5118420062,우리단기채권증권투자신탁(채권),2025-10-31,수수료미징구- 온라인(C-e),C-e,,온라인,없음,0.275,,0.27,0.2844,KR5118420062_p4_0008,4,투자설명서 복사본/KR5118420062/R2_KR5118420062.pdf
KR5118420062,우리단기채권증권투자신탁(채권),2025-10-31,수수료미징구- 오프라인- 퇴직연금(C-P),C-P,퇴직연금,오프라인,없음,0.33,,,0.3394,KR5118420062_p4_0008,4,투자설명서 복사본/KR5118420062/R2_KR5118420062.pdf
KR5119450058,신한코리아롱숏증권자투자신탁[주식],2025-02-14,수수료선취 - 오프라인(A1),A1,,오프라인,납입금액 의 1.000% 이내,1.39,0.7,1.4,1.454,KR5119450058_p6_0012,6,투자설명서 복사본/KR5119450058/R2_KR5119450058.pdf
KR5119450058,신한코리아롱숏증권자투자신탁[주식],2025-02-14,수수료미징구 - 오프라인 - 보수체감(C1),C1,,오프라인,없음,1.89,1.2,1.59,1.9534,KR5119450058_p6_0012,6,투자설명서 복사본/KR5119450058/R2_KR5119450058.pdf
KR5119450058,신한코리아롱숏증권자투자신탁[주식],2025-02-14,수수료선취 - 온라인(A-e),A-e,,온라인,납입금액 의 0.500% 이내,1.04,0.35,1.05,1.1044,KR5119450058_p6_0012,6,투자설명서 복사본/KR5119450058/R2_KR5119450058.pdf
KR5119450058,신한코리아롱숏증권자투자신탁[주식],2025-02-14,수수료미징구 - 온라인(C-e),C-e,,온라인,없음,1.19,0.5,1.19,1.2544,KR5119450058_p6_0012,6,투자설명서 복사본/KR5119450058/R2_KR5119450058.pdf
KR5119501001,신한퇴직연금국공채증권자투자신탁[채권],2025-08-07,수수료미징구 - 오프라인 - 퇴직연금 (C1),C1,퇴직연금,오프라인,없음,0.45,0.27,0.39,0.4586,KR5119501001_p4_0007,4,투자설명서 복사본/KR5119501001/R2_KR5119501001.pdf
KR5119501001,신한퇴직연금국공채증권자투자신탁[채권],2025-08-07,수수료미징구 - 온라인 - 퇴직연금 (C-e),C-e,퇴직연금,온라인,없음,0.315,0.135,0.25,0.3222,KR5119501001_p4_0007,4,투자설명서 복사본/KR5119501001/R2_KR5119501001.pdf
KR5119520012,신한상대가치장기증권자투자신탁[채권],2025-02-20,수수료선취 - 오프라인(A1),A1,,오프라인,납입금액 의 0.300% 이내,0.45,0.2,0.31,0.4523,KR5119520012_p5_0010,5,투자설명서 복사본/KR5119520012/R2_KR5119520012.pdf
KR5119520012,신한상대가치장기증권자투자신탁[채권],2025-02-20,수수료미징구 - 오프라인(C1),C1,,오프라인,없음,0.65,0.4,0.39,0.6523,KR5119520012_p5_0010,5,투자설명서 복사본/KR5119520012/R2_KR5119520012.pdf
KR5119520012,신한상대가치장기증권자투자신탁[채권],2025-02-20,수수료선취 - 온라인(A-e),A-e,,온라인,납입금액 의 0.150% 이내,0.35,0.1,0.23,0.3523,KR5119520012_p5_0010,5,투자설명서 복사본/KR5119520012/R2_KR5119520012.pdf
KR5119520012,신한상대가치장기증권자투자신탁[채권],2025-02-20,수수료미징구 - 온라인(C-e),C-e,,온라인,없음,0.44,0.19,0.25,0.4423,KR5119520012_p5_0010,5,투자설명서 복사본/KR5119520012/R2_KR5119520012.pdf
KR5120420039,교보악사 Tomorrow 장기우량 증권투자신탁 K-1호(채권),2025-09-04,수수료선취-오프라인(A2),A2,,오프라인,,0.3195,0.2,,,KR5120420039_p5_0009,5,투자설명서 복사본/KR5120420039/R2_KR5120420039.pdf
KR5120420039,교보악사 Tomorrow 장기우량 증권투자신탁 K-1호(채권),2025-09-04,수수료미징구-오프라인형(C1),C1,,오프라인,,0.4195,0.3,,,KR5120420039_p5_0009,5,투자설명서 복사본/KR5120420039/R2_KR5120420039.pdf
KR5120420039,교보악사 Tomorrow 장기우량 증권투자신탁 K-1호(채권),2025-09-04,수수료선취-온라인형(Ae),Ae,,온라인,,0.2195,0.1,,,KR5120420039_p5_0009,5,투자설명서 복사본/KR5120420039/R2_KR5120420039.pdf
KR5120420039,교보악사 Tomorrow 장기우량 증권투자신탁 K-1호(채권),2025-09-04,수수료미징구-온라인형(C-E),C-E,,온라인,,0.2695,0.15,,,KR5120420039_p5_0009,5,투자설명서 복사본/KR5120420039/R2_KR5120420039.pdf
KR5120420039,교보악사 Tomorrow 장기우량 증권투자신탁 K-1호(채권),2025-09-04,수수료선취-오프라 인-고액(A),A,,오프라인,,0.1195,,,0.1301,KR5120420039_p40_0091,40,투자설명서 복사본/KR5120420039/R2_KR5120420039.pdf
KR5120420039,교보악사 Tomorrow 장기우량 증권투자신탁 K-1호(채권),2025-09-04,수수료미징구-오프 라인-고액(C2),C2,,오프라인,,0.3195,,,0.3289,KR5120420039_p40_0091,40,투자설명서 복사본/KR5120420039/R2_KR5120420039.pdf
KR5120420039,교보악사 Tomorrow 장기우량 증권투자신탁 K-1호(채권),2025-09-04,수수료미징구-오프 라인-랩(CW),CW,,오프라인,,0.1195,,,0.1301,KR5120420039_p40_0091,40,투자설명서 복사본/KR5120420039/R2_KR5120420039.pdf
KR5120420039,교보악사 Tomorrow 장기우량 증권투자신탁 K-1호(채권),2025-09-04,수수료미징구-오프 라인-주택마련 (C4(장마)),C4,,오프라인,,0.3195,,,0.3195,KR5120420039_p40_0091,40,투자설명서 복사본/KR5120420039/R2_KR5120420039.pdf
KR5120420039,교보악사 Tomorrow 장기우량 증권투자신탁 K-1호(채권),2025-09-04,수수료미징구-오프 라인-기관(CF),CF,,오프라인,,0.1695,,,0.1801,KR5120420039_p40_0091,40,투자설명서 복사본/KR5120420039/R2_KR5120420039.pdf
KR5120420039,교보악사 Tomorrow 장기우량 증권투자신탁 K-1호(채권),2025-09-04,수수료미징구-오프 라인-퇴직연금(CP),CP,퇴직연금,오프라인,,0.3195,,,0.3299,KR5120420039_p40_0091,40,투자설명서 복사본/KR5120420039/R2_KR5120420039.pdf
KR5120420039,교보악사 Tomorrow 장기우량 증권투자신탁 K-1호(채권),2025-09-04,수수료선취-오프라 인-고액(A-i),A-i,,오프라인,,0.1495,,,0.1601,KR5120420039_p40_0091,40,투자설명서 복사본/KR5120420039/R2_KR5120420039.pdf
KR5120420039,교보악사 Tomorrow 장기우량 증권투자신탁 K-1호(채권),2025-09-04,수수료미징구-오프 라인-개인연금(C- P2),C-P2,연금저축,오프라인,,0.3695,,,0.3802,KR5120420039_p40_0091,40,투자설명서 복사본/KR5120420039/R2_KR5120420039.pdf
KR5120420039,교보악사 Tomorrow 장기우량 증권투자신탁 K-1호(채권),2025-09-04,수수료미징구-온라 인(CE),CE,,온라인,,0.2695,,0.27,0.2796,KR5120420039_p40_0091,40,투자설명서 복사본/KR5120420039/R2_KR5120420039.pdf
KR5120420039,교보악사 Tomorrow 장기우량 증권투자신탁 K-1호(채권),2025-09-04,수수료후취-온라인 슈퍼(S),S,,온라인슈퍼,,0.2095,,,0.2198,KR5120420039_p40_0091,40,투자설명서 복사본/KR5120420039/R2_KR5120420039.pdf
KR5120420039,교보악사 Tomorrow 장기우량 증권투자신탁 K-1호(채권),2025-09-04,수수료미징구-온라,,,,,0.1995,,,0.2102,KR5120420039_p40_0091,40,투자설명서 복사본/KR5120420039/R2_KR5120420039.pdf
KR5120420091,교보악사 내일환매 초단기우량채증권투자신탁[채권],2025-12-20,수수료선취-오프라인(A),A,,오프라인,수수료선취-오프라인(A),0.345,,,,KR5120420091_p5_0010,5,투자설명서 복사본/KR5120420091/R2_KR5120420091.pdf
KR5120420091,교보악사 내일환매 초단기우량채증권투자신탁[채권],2025-12-20,수수료미징구-오프라인형(C),C,,오프라인,수수료미징구-오프라인형(C),0.425,,,,KR5120420091_p5_0010,5,투자설명서 복사본/KR5120420091/R2_KR5120420091.pdf
KR5120420091,교보악사 내일환매 초단기우량채증권투자신탁[채권],2025-12-20,수수료선취-온라인형(Ae),Ae,,온라인,수수료선취-온라인형(Ae),0.235,,,,KR5120420091_p5_0010,5,투자설명서 복사본/KR5120420091/R2_KR5120420091.pdf
KR5120420091,교보악사 내일환매 초단기우량채증권투자신탁[채권],2025-12-20,수수료미징구-온라인형(Ce),Ce,,온라인,수수료미징구-온라인형(Ce),0.275,,,,KR5120420091_p5_0010,5,투자설명서 복사본/KR5120420091/R2_KR5120420091.pdf
KR5120451001,교보악사 파워인덱스증권자투자신탁 2호[주식],2025-06-03,수수료선취-오프라인형(A1),A1,,오프라인,,0.385,0.22,,,KR5120451001_p5_0009,5,투자설명서 복사본/KR5120451001/R2_KR5120451001.pdf
KR5120451001,교보악사 파워인덱스증권자투자신탁 2호[주식],2025-06-03,수수료미징구-오프라인형(C1),C1,,오프라인,,1.165,1.0,,,KR5120451001_p5_0009,5,투자설명서 복사본/KR5120451001/R2_KR5120451001.pdf
KR5120451001,교보악사 파워인덱스증권자투자신탁 2호[주식],2025-06-03,수수료선취-온라인형(Ae),Ae,,온라인,,0.275,0.11,,,KR5120451001_p5_0009,5,투자설명서 복사본/KR5120451001/R2_KR5120451001.pdf
KR5120451001,교보악사 파워인덱스증권자투자신탁 2호[주식],2025-06-03,수수료미징구-온라인형(Ce),Ce,,온라인,,0.665,0.5,,,KR5120451001_p5_0009,5,투자설명서 복사본/KR5120451001/R2_KR5120451001.pdf
KR5120451001,교보악사 파워인덱스증권자투자신탁 2호[주식],2025-06-03,수수료미징구 -오프라인-랩 (Cw),Cw,,오프라인,,0.165,,,0.165,KR5120451001_p40_0090,40,투자설명서 복사본/KR5120451001/R2_KR5120451001.pdf
KR5120451001,교보악사 파워인덱스증권자투자신탁 2호[주식],2025-06-03,수수료미징구 -오프라인-주 택마련(C-H),C-H,,오프라인,,0.985,,,0.985,KR5120451001_p40_0090,40,투자설명서 복사본/KR5120451001/R2_KR5120451001.pdf
KR5120451001,교보악사 파워인덱스증권자투자신탁 2호[주식],2025-06-03,수수료미징구 -오프라인-퇴 직연금(C-R),C-R,퇴직연금,오프라인,,0.865,,,0.8671,KR5120451001_p40_0090,40,투자설명서 복사본/KR5120451001/R2_KR5120451001.pdf
KR5120451001,교보악사 파워인덱스증권자투자신탁 2호[주식],2025-06-03,수수료미징구 -온라인-퇴직 연금(C-Re),C-Re,퇴직연금,온라인,,0.515,,,0.5171,KR5120451001_p40_0090,40,투자설명서 복사본/KR5120451001/R2_KR5120451001.pdf
KR5122420005,유진챔피언단기채증권자투자신탁(채권),2025-12-31,수수료선취-오프라인형(A),A,,오프라인,납입금액의 0.10%,0.3,0.2,,,KR5122420005_p4_0009,4,투자설명서 복사본/KR5122420005/R2_KR5122420005.pdf
KR5122420005,유진챔피언단기채증권자투자신탁(채권),2025-12-31,수수료선취-오프라인형(A2),A2,,오프라인,납입금액의 0.30% 이내,0.15,0.05,,,KR5122420005_p4_0009,4,투자설명서 복사본/KR5122420005/R2_KR5122420005.pdf
KR5122420005,유진챔피언단기채증권자투자신탁(채권),2025-12-31,수수료미징구-오프라인형(C),C,,오프라인,없음,0.39,0.29,,,KR5122420005_p4_0009,4,투자설명서 복사본/KR5122420005/R2_KR5122420005.pdf
KR5122420005,유진챔피언단기채증권자투자신탁(채권),2025-12-31,수수료선취-온라인형(A-E),A-E,,온라인,납입금액의 0.05%,0.2,0.1,,,KR5122420005_p4_0009,4,투자설명서 복사본/KR5122420005/R2_KR5122420005.pdf
KR5122420005,유진챔피언단기채증권자투자신탁(채권),2025-12-31,수수료미징구-온라인형(C-E),C-E,,온라인,없음,0.245,0.145,,,KR5122420005_p4_0009,4,투자설명서 복사본/KR5122420005/R2_KR5122420005.pdf
KR5123365001,키움 연금 증권 자투자신탁 제C1호[국공채],2025-03-25,투자신탁,,,,없음,0.31,0.2,0.39,0.317,KR5123365001_p3_0009,3,투자설명서 복사본/KR5123365001/R2_KR5123365001.pdf
KR5123420015,키움 단기 국공채 증권 자투자신탁 제1호[채권],2025-03-25,수수료선취- 오프라인(A1),A1,,오프라인,,0.275,0.15,0.35,,KR5123420015_p3_0009,3,투자설명서 복사본/KR5123420015/R2_KR5123420015.pdf
KR5123420015,키움 단기 국공채 증권 자투자신탁 제1호[채권],2025-03-25,수수료미징구 -오프라인 (C1),C1,,오프라인,,0.375,0.25,0.39,,KR5123420015_p3_0009,3,투자설명서 복사본/KR5123420015/R2_KR5123420015.pdf
KR5123420015,키움 단기 국공채 증권 자투자신탁 제1호[채권],2025-03-25,수수료선취- 온라인(A-e),A-e,,온라인,,0.2,0.075,0.24,,KR5123420015_p3_0009,3,투자설명서 복사본/KR5123420015/R2_KR5123420015.pdf
KR5123420015,키움 단기 국공채 증권 자투자신탁 제1호[채권],2025-03-25,수수료미징구 -온라인(C- e),C-e,,온라인,,0.25,0.125,0.25,,KR5123420015_p3_0009,3,투자설명서 복사본/KR5123420015/R2_KR5123420015.pdf
KR5123420015,키움 단기 국공채 증권 자투자신탁 제1호[채권],2025-03-25,수수료미징구-오 프라인-기관 (C-F),C-F,,오프라인,,0.145,,,0.158,KR5123420015_p27_0088,27,투자설명서 복사본/KR5123420015/R2_KR5123420015.pdf
KR5123420015,키움 단기 국공채 증권 자투자신탁 제1호[채권],2025-03-25,수수료미징구-오 프라인-랩 (C-W),C-W,,오프라인,,0.125,,,0.138,KR5123420015_p27_0088,27,투자설명서 복사본/KR5123420015/R2_KR5123420015.pdf
KR5123420015,키움 단기 국공채 증권 자투자신탁 제1호[채권],2025-03-25,수수료후취-온라 인슈퍼 (S),S,,온라인슈퍼,,0.2,,,0.2107,KR5123420015_p27_0088,27,투자설명서 복사본/KR5123420015/R2_KR5123420015.pdf
KR5123420015,키움 단기 국공채 증권 자투자신탁 제1호[채권],2025-03-25,수수료미징구-오 프라인-개인연금 (C-P),C-P,연금저축,오프라인,,0.335,,,0.3481,KR5123420015_p27_0088,27,투자설명서 복사본/KR5123420015/R2_KR5123420015.pdf
KR5123420015,키움 단기 국공채 증권 자투자신탁 제1호[채권],2025-03-25,수수료미징구-오 프라인-퇴직연금 (C-P2(퇴직연 금)),C-P2,퇴직연금,오프라인,,0.325,,,0.3373,KR5123420015_p27_0088,27,투자설명서 복사본/KR5123420015/R2_KR5123420015.pdf
KR5123420015,키움 단기 국공채 증권 자투자신탁 제1호[채권],2025-03-25,수수료미징구-오 프라인-고액 (C-I),C-I,,오프라인,,0.155,,,0.155,KR5123420015_p27_0088,27,투자설명서 복사본/KR5123420015/R2_KR5123420015.pdf
KR5123420015,키움 단기 국공채 증권 자투자신탁 제1호[채권],2025-03-25,수수료미징구-오 프라인-고액 (C-I2),C-I2,,오프라인,,0.185,,,0.185,KR5123420015_p27_0088,27,투자설명서 복사본/KR5123420015/R2_KR5123420015.pdf
KR5123420039,키움파이어니어ESG증권자투자신탁제1호[채권],2025-01-19,수수료미징구 -오프라인- 퇴직연금(C),C,퇴직연금,오프라인,,0.37,0.2,0.39,,KR5123420039_p4_0009,4,투자설명서 복사본/KR5123420039/R2_KR5123420039.pdf
KR5123420039,키움파이어니어ESG증권자투자신탁제1호[채권],2025-01-19,수수료미징구 -온라인-퇴 직연금 (C- e),C-e,퇴직연금,온라인,,0.27,0.1,0.25,,KR5123420039_p4_0009,4,투자설명서 복사본/KR5123420039/R2_KR5123420039.pdf
KR5123420039,키움파이어니어ESG증권자투자신탁제1호[채권],2025-01-19,"수수료미징구-오 프라인-퇴직연 금,고액(C-I)",C-I,퇴직연금,오프라인,,0.22,,,0.22,KR5123420039_p31_0089,31,투자설명서 복사본/KR5123420039/R2_KR5123420039.pdf
KR5123420049,키움더드림단기채증권투자신탁[채권],2025-01-19,수수료선취- 오프라인(A),A,,오프라인,,0.275,0.2,0.34,,KR5123420049_p3_0009,3,투자설명서 복사본/KR5123420049/R2_KR5123420049.pdf
KR5123420049,키움더드림단기채증권투자신탁[채권],2025-01-19,수수료미징 구-오프라인 (C),C,,오프라인,,0.325,0.25,0.39,,KR5123420049_p3_0009,3,투자설명서 복사본/KR5123420049/R2_KR5123420049.pdf
KR5123420049,키움더드림단기채증권투자신탁[채권],2025-01-19,수수료선취- 온라인(A-e),A-e,,온라인,,0.175,0.1,0.25,,KR5123420049_p3_0009,3,투자설명서 복사본/KR5123420049/R2_KR5123420049.pdf
KR5123420049,키움더드림단기채증권투자신탁[채권],2025-01-19,수수료미징 구-온라인 (C-e),C-e,,온라인,,0.2,0.125,0.25,,KR5123420049_p3_0009,3,투자설명서 복사본/KR5123420049/R2_KR5123420049.pdf
KR5123420049,키움더드림단기채증권투자신탁[채권],2025-01-19,수수료미징구-오 프라인-고액(C-I),C-I,,오프라인,,0.125,,,0.1347,KR5123420049_p25_0080,25,투자설명서 복사본/KR5123420049/R2_KR5123420049.pdf
KR5123420049,키움더드림단기채증권투자신탁[채권],2025-01-19,수수료미징구-오 프라인-기관 (C-F),C-F,,오프라인,,0.095,,,0.1047,KR5123420049_p25_0080,25,투자설명서 복사본/KR5123420049/R2_KR5123420049.pdf
KR5123420049,키움더드림단기채증권투자신탁[채권],2025-01-19,수수료미징구-오 프라인-랩 (C- W),C-W,,오프라인,,0.075,,,0.0844,KR5123420049_p25_0080,25,투자설명서 복사본/KR5123420049/R2_KR5123420049.pdf
KR5123420049,키움더드림단기채증권투자신탁[채권],2025-01-19,수수료미징구-오 프라인-개인연금 (C-P),C-P,연금저축,오프라인,,0.295,,,0.3046,KR5123420049_p25_0080,25,투자설명서 복사본/KR5123420049/R2_KR5123420049.pdf
KR5123420049,키움더드림단기채증권투자신탁[채권],2025-01-19,수수료미징구-오 프라인-퇴직연금 (C-P2(퇴직연 금)),C-P2,퇴직연금,오프라인,,0.285,,,0.2947,KR5123420049_p25_0080,25,투자설명서 복사본/KR5123420049/R2_KR5123420049.pdf
KR5123420049,키움더드림단기채증권투자신탁[채권],2025-01-19,수수료후취-온라 인슈퍼 (S),S,,온라인슈퍼,,0.155,,,0.1644,KR5123420049_p25_0080,25,투자설명서 복사본/KR5123420049/R2_KR5123420049.pdf
KR5125450023,신영밸류고배당증권자투자신탁(주식),2025-05-25,A(수수료선취- 오프라인),A,,오프라인,납입금액의 1.0% 이내,1.18,0.74,,,KR5125450023_p3_0008,3,투자설명서 복사본/KR5125450023/R2_KR5125450023.pdf
KR5125450023,신영밸류고배당증권자투자신탁(주식),2025-05-25,C(수수료미징구 - 오프라인),C,,오프라인,없음,1.35,0.91,,,KR5125450023_p3_0008,3,투자설명서 복사본/KR5125450023/R2_KR5125450023.pdf
KR5125450023,신영밸류고배당증권자투자신탁(주식),2025-05-25,Ae(수수료선취- 온라인),Ae,,온라인,납입금액의 0.5% 이내,0.81,0.37,,,KR5125450023_p3_0008,3,투자설명서 복사본/KR5125450023/R2_KR5125450023.pdf
KR5125450023,신영밸류고배당증권자투자신탁(주식),2025-05-25,e(수수료미징구 - 온라인),e,,온라인,없음,0.895,0.455,,,KR5125450023_p3_0008,3,투자설명서 복사본/KR5125450023/R2_KR5125450023.pdf
KR5125450070,신영마라톤증권자투자신탁(주식),2025-05-24,A(수수료선취 -오프라인),A,,오프라인,,1.19,,,,KR5125450070_p3_0008,3,투자설명서 복사본/KR5125450070/R2_KR5125450070.pdf
KR5125450070,신영마라톤증권자투자신탁(주식),2025-05-24,C(수수료미징 구 - 오프라인),C,,오프라인,,1.49,,,,KR5125450070_p3_0008,3,투자설명서 복사본/KR5125450070/R2_KR5125450070.pdf
KR5125450070,신영마라톤증권자투자신탁(주식),2025-05-24,Ae(수수료선 취-온라인),Ae,,온라인,,0.84,,,,KR5125450070_p3_0008,3,투자설명서 복사본/KR5125450070/R2_KR5125450070.pdf
KR5125450070,신영마라톤증권자투자신탁(주식),2025-05-24,e(수수료미징 구 - 온라인),e,,온라인,,0.99,,,,KR5125450070_p3_0008,3,투자설명서 복사본/KR5125450070/R2_KR5125450070.pdf
KR5127450117,KB 그로스 포커스 증권 자투자신탁(주식)(35432),2025-11-04,수수료선취-오프라인(A),A,,오프라인,납입금액의 1% 이내,1.306,0.583,1.42,1.307,KR5127450117_p4_0010,4,투자설명서 복사본/KR5127450117/R2_KR5127450117.pdf
KR5127450117,KB 그로스 포커스 증권 자투자신탁(주식)(35432),2025-11-04,수수료미징구-오프라인-보수체감(C,,,오프라인,없음 ),2.223,1.5,1.6,2.223,KR5127450117_p4_0010,4,투자설명서 복사본/KR5127450117/R2_KR5127450117.pdf
KR5127450117,KB 그로스 포커스 증권 자투자신탁(주식)(35432),2025-11-04,수수료선취-온라인(A-E),A-E,,온라인,납입금액의 0.5% 이내,1.014,0.291,1.14,1.015,KR5127450117_p4_0010,4,투자설명서 복사본/KR5127450117/R2_KR5127450117.pdf
KR5127450117,KB 그로스 포커스 증권 자투자신탁(주식)(35432),2025-11-04,수수료미징구-온라인(C-E),C-E,,온라인,없음,1.713,0.99,1.18,1.713,KR5127450117_p4_0010,4,투자설명서 복사본/KR5127450117/R2_KR5127450117.pdf
KR5127450473,KB 코리아 밸류업 액티브 증권 자투자신탁(주식)(EG176),2025-11-26,수수료미징구-오프라인(C),C,,오프라인,없음,1.66,0.9,,,KR5127450473_p5_0010,5,투자설명서 복사본/KR5127450473/R2_KR5127450473.pdf
KR5127450473,KB 코리아 밸류업 액티브 증권 자투자신탁(주식)(EG176),2025-11-26,수수료선취-온라인(A-E),A-E,,온라인,납입금액의 0.5% 이내,1.04,0.28,,,KR5127450473_p5_0010,5,투자설명서 복사본/KR5127450473/R2_KR5127450473.pdf
KR5127450473,KB 코리아 밸류업 액티브 증권 자투자신탁(주식)(EG176),2025-11-26,수수료미징구-온라인(C-E),C-E,,온라인,없음,1.21,0.45,,,KR5127450473_p5_0010,5,투자설명서 복사본/KR5127450473/R2_KR5127450473.pdf
KR5129420025,한화내일받는단기국공채증권 자투자신탁(채권),2025-10-15,수수료선취-오프라인(A),A,,오프라인,납입금액의 0.2%,0.107,,,,KR5129420025_p6_0009,6,투자설명서 복사본/KR5129420025/R2_KR5129420025.pdf
KR5129420025,한화내일받는단기국공채증권 자투자신탁(채권),2025-10-15,수수료미징구오프라인(C),C,,오프라인,없음,0.247,,,,KR5129420025_p6_0009,6,투자설명서 복사본/KR5129420025/R2_KR5129420025.pdf
KR5129420025,한화내일받는단기국공채증권 자투자신탁(채권),2025-10-15,수수료선취-온라인(A-e,,,온라인,납입금액의 0.1% 이하,0.102,,,,KR5129420025_p6_0009,6,투자설명서 복사본/KR5129420025/R2_KR5129420025.pdf
KR5129420025,한화내일받는단기국공채증권 자투자신탁(채권),2025-10-15,수수료미징구온라인(C-e,,,온라인,없음,0.172,,,,KR5129420025_p6_0009,6,투자설명서 복사본/KR5129420025/R2_KR5129420025.pdf
KR5129420025,한화내일받는단기국공채증권 자투자신탁(채권),2025-10-15,수수료선취-온라인(A-e),A-e,,온라인,,0.102,,,0.1043,KR5129420025_p49_0129,49,투자설명서 복사본/KR5129420025/R2_KR5129420025.pdf
KR5129420025,한화내일받는단기국공채증권 자투자신탁(채권),2025-10-15,수수료선취-오프라인-전환 가능 (A-u),A-u,,오프라인,,0.195,,,0.195,KR5129420025_p49_0129,49,투자설명서 복사본/KR5129420025/R2_KR5129420025.pdf
KR5129420025,한화내일받는단기국공채증권 자투자신탁(채권),2025-10-15,수수료선취-오프라인-전환 가능 (A-u2),A-u2,,오프라인,,0.187,,,0.187,KR5129420025_p49_0129,49,투자설명서 복사본/KR5129420025/R2_KR5129420025.pdf
KR5129420025,한화내일받는단기국공채증권 자투자신탁(채권),2025-10-15,수수료미징구-온라인(C-e),C-e,,온라인,,0.172,,,0.1743,KR5129420025_p49_0129,49,투자설명서 복사본/KR5129420025/R2_KR5129420025.pdf
KR5129420025,한화내일받는단기국공채증권 자투자신탁(채권),2025-10-15,수수료미징구-오프라인- 개인연금(C-P(연금저축)),C-P,연금저축,오프라인,,0.207,,,0.2093,KR5129420025_p49_0129,49,투자설명서 복사본/KR5129420025/R2_KR5129420025.pdf
KR5129420031,한화코리아밸류채권증권 자투자신탁(채권),2025-11-18,수수료선취- 오프라인(A),A,,오프라인,납입금액의 0.30% 이내,0.282,,,,KR5129420031_p6_0010,6,투자설명서 복사본/KR5129420031/R2_KR5129420031.pdf
KR5129420031,한화코리아밸류채권증권 자투자신탁(채권),2025-11-18,수수료선취-온라인(A-e),A-e,,온라인,,0.232,,0.25,0.2344,KR5129420031_p37_0085,37,투자설명서 복사본/KR5129420031/R2_KR5129420031.pdf
KR5129420031,한화코리아밸류채권증권 자투자신탁(채권),2025-11-18,수수료미징구-오프라인(C),C,,오프라인,,0.412,,0.4,0.4144,KR5129420031_p37_0085,37,투자설명서 복사본/KR5129420031/R2_KR5129420031.pdf
KR5129420031,한화코리아밸류채권증권 자투자신탁(채권),2025-11-18,수수료미징구-온라인(C-e),C-e,,온라인,,0.362,,0.27,0.3644,KR5129420031_p37_0085,37,투자설명서 복사본/KR5129420031/R2_KR5129420031.pdf
KR5129420031,한화코리아밸류채권증권 자투자신탁(채권),2025-11-18,수수료미징구-오프라인- 사원복지연기금(C-g),C-g,,오프라인,,0.332,,,0.332,KR5129420031_p37_0085,37,투자설명서 복사본/KR5129420031/R2_KR5129420031.pdf
KR5129420031,한화코리아밸류채권증권 자투자신탁(채권),2025-11-18,수수료미징구-오프라인- 고액(C-i),C-i,,오프라인,,0.212,,,0.2144,KR5129420031_p37_0085,37,투자설명서 복사본/KR5129420031/R2_KR5129420031.pdf
KR5129420031,한화코리아밸류채권증권 자투자신탁(채권),2025-11-18,수수료미징구-오프라인- 개인연금(C-P(연금저축)),C-P,연금저축,오프라인,,0.352,,,0.3544,KR5129420031_p37_0085,37,투자설명서 복사본/KR5129420031/R2_KR5129420031.pdf
KR5129420031,한화코리아밸류채권증권 자투자신탁(채권),2025-11-18,수수료미징구-온라인- 개인연금(C-Pe(연금저축)),C-Pe,연금저축,온라인,,0.267,,,0.2693,KR5129420031_p37_0085,37,투자설명서 복사본/KR5129420031/R2_KR5129420031.pdf
KR5129420031,한화코리아밸류채권증권 자투자신탁(채권),2025-11-18,수수료미징구-오프라인- 퇴직연금(C-RP(퇴직연금)),C-RP,퇴직연금,오프라인,,0.342,,,0.3444,KR5129420031_p37_0085,37,투자설명서 복사본/KR5129420031/R2_KR5129420031.pdf
KR5129420031,한화코리아밸류채권증권 자투자신탁(채권),2025-11-18,수수료미징구-온라인- 퇴직연금(C-RPe(퇴직연금)),C-RPe,퇴직연금,온라인,,0.262,,,0.2645,KR5129420031_p37_0085,37,투자설명서 복사본/KR5129420031/R2_KR5129420031.pdf
KR5129420031,한화코리아밸류채권증권 자투자신탁(채권),2025-11-18,"수수료미징구-오프라인- 퇴직연금, 펀드 등 (Cf-RP(퇴직연금))",Cf-RP,퇴직연금,오프라인,,0.202,,,0.202,KR5129420031_p37_0085,37,투자설명서 복사본/KR5129420031/R2_KR5129420031.pdf
KR5129420031,한화코리아밸류채권증권 자투자신탁(채권),2025-11-18,"수수료미징구-오프라인- 퇴직연금, 고액(Ci-RP(퇴직연금)",Ci-RP,퇴직연금,오프라인,,0.257,,,0.2595,KR5129420031_p37_0085,37,투자설명서 복사본/KR5129420031/R2_KR5129420031.pdf
KR5129420031,한화코리아밸류채권증권 자투자신탁(채권),2025-11-18,"수수료미징구-오프라인- 기관, 펀드 등(Cw)",Cw,,오프라인,,0.102,,,0.1044,KR5129420031_p37_0085,37,투자설명서 복사본/KR5129420031/R2_KR5129420031.pdf
KR5129420031,한화코리아밸류채권증권 자투자신탁(채권),2025-11-18,수수료후취-온라인슈퍼(S),S,,온라인슈퍼,,0.332,,,0.332,KR5129420031_p38_0089,38,투자설명서 복사본/KR5129420031/R2_KR5129420031.pdf
KR5129420031,한화코리아밸류채권증권 자투자신탁(채권),2025-11-18,수수료미징구-온라인슈퍼- 개인연금(S-P(연금저축)),S-P,연금저축,온라인슈퍼,,0.302,,,0.302,KR5129420031_p38_0089,38,투자설명서 복사본/KR5129420031/R2_KR5129420031.pdf
KR5129420031,한화코리아밸류채권증권 자투자신탁(채권),2025-11-18,수수료미징구-온라인슈퍼- 퇴직연금(S-RP(퇴직연금)),S-RP,퇴직연금,온라인슈퍼,,0.292,,,0.292,KR5129420031_p38_0089,38,투자설명서 복사본/KR5129420031/R2_KR5129420031.pdf
KR5129420031,한화코리아밸류채권증권 자투자신탁(채권),2025-11-18,수수료미징구- 온라인직접판매(J-e),J-e,,온라인,,0.257,,,0.257,KR5129420031_p38_0089,38,투자설명서 복사본/KR5129420031/R2_KR5129420031.pdf
KR5129420031,한화코리아밸류채권증권 자투자신탁(채권),2025-11-18,수수료미징구-온라인직접판매-개 인연금(J-Pe(연금저축)),J-Pe,연금저축,온라인,,0.227,,,0.227,KR5129420031_p38_0089,38,투자설명서 복사본/KR5129420031/R2_KR5129420031.pdf
KR5129420031,한화코리아밸류채권증권 자투자신탁(채권),2025-11-18,수수료미징구-온라인직접판매-퇴 직연금(J-RPe(퇴직연금)),J-RPe,퇴직연금,온라인,,0.2195,,,0.2195,KR5129420031_p38_0089,38,투자설명서 복사본/KR5129420031/R2_KR5129420031.pdf
KR5131420007,DB정통크레딧증권자투자신탁[채권],2025-09-04,수수료선취- 오프라인(A),A,,오프라인,수수료선취- 오프라인(A),0.27,,,,KR5131420007_p3_0007,3,투자설명서 복사본/KR5131420007/R2_KR5131420007.pdf
KR5131420007,DB정통크레딧증권자투자신탁[채권],2025-09-04,수수료미징구- 오프라인(C),C,,오프라인,수수료미징구- 오프라인(C),0.52,,,,KR5131420007_p3_0007,3,투자설명서 복사본/KR5131420007/R2_KR5131420007.pdf
KR5131420007,DB정통크레딧증권자투자신탁[채권],2025-09-04,수수료선취- 온라인(A-E),A-E,,온라인,수수료선취- 온라인(A-E),0.195,,,,KR5131420007_p3_0007,3,투자설명서 복사본/KR5131420007/R2_KR5131420007.pdf
KR5131420007,DB정통크레딧증권자투자신탁[채권],2025-09-04,수수료미징구- 온라인(C-E),C-E,,온라인,수수료미징구- 온라인(C-E),0.32,,,,KR5131420007_p3_0007,3,투자설명서 복사본/KR5131420007/R2_KR5131420007.pdf
KR5131420025,DB다같이장기채권증권투자신탁[채권],2026-01-06,수수료선취- 오프라인(A),A,,오프라인,납입금액의 0.3%이내,0.25,0.15,,,KR5131420025_p3_0009,3,투자설명서 복사본/KR5131420025/R2_KR5131420025.pdf
KR5131420025,DB다같이장기채권증권투자신탁[채권],2026-01-06,수수료미징구- 오프라인(C),C,,오프라인,없음,0.55,0.45,,,KR5131420025_p3_0009,3,투자설명서 복사본/KR5131420025/R2_KR5131420025.pdf
KR5131420025,DB다같이장기채권증권투자신탁[채권],2026-01-06,수수료선취- 온라인(A-E),A-E,,온라인,납입금액의 0.15%이내,0.175,0.075,,,KR5131420025_p3_0009,3,투자설명서 복사본/KR5131420025/R2_KR5131420025.pdf
KR5131420025,DB다같이장기채권증권투자신탁[채권],2026-01-06,수수료미징구- 온라인(C-E),C-E,,온라인,없음,0.3,0.2,,,KR5131420025_p3_0009,3,투자설명서 복사본/KR5131420025/R2_KR5131420025.pdf
KR5139420015,흥국멀티크레딧증권자투자신탁[채권],2025-07-30,수수료선취 -오프라인(A),A,,오프라인,납입금액 의 0.1% 이내,0.2425,0.12,0.34,0.2544,KR5139420015_p5_0009,5,투자설명서 복사본/KR5139420015/R2_KR5139420015.pdf
KR5139420015,흥국멀티크레딧증권자투자신탁[채권],2025-07-30,수수료미징구-오프라인(C),C,,오프라인,없음,0.343,0.2205,0.4,0.3548,KR5139420015_p5_0009,5,투자설명서 복사본/KR5139420015/R2_KR5139420015.pdf
KR5139420015,흥국멀티크레딧증권자투자신탁[채권],2025-07-30,수수료선취 -온라인(A-e),A-e,,온라인,납입금액 의 0.05% 이내,0.1825,0.06,0.25,0.1944,KR5139420015_p5_0009,5,투자설명서 복사본/KR5139420015/R2_KR5139420015.pdf
KR5139420015,흥국멀티크레딧증권자투자신탁[채권],2025-07-30,수수료미징구-온라인(C-e),C-e,,온라인,없음,0.2325,0.11,0.26,0.2443,KR5139420015_p5_0009,5,투자설명서 복사본/KR5139420015/R2_KR5139420015.pdf
KR5139420020,흥국퇴직연금멀티크레딧증권자투자신탁[채권],2025-11-05,수수료미징구-오프라인-퇴직연금(C),C,퇴직연금,오프라인,없음,0.3125,,0.4,0.3248,KR5139420020_p5_0008,5,투자설명서 복사본/KR5139420020/R2_KR5139420020.pdf
KR5139420020,흥국퇴직연금멀티크레딧증권자투자신탁[채권],2025-11-05,수수료미징구-온라인-퇴직연금(C-e),C-e,퇴직연금,온라인,없음,0.2175,,0.27,0.2298,KR5139420020_p5_0008,5,투자설명서 복사본/KR5139420020/R2_KR5139420020.pdf
KR5144420020,NH-Amundi 국채10년 인덱스 증권자투자신탁[채권],2025-09-01,수수료선취-오프라인(A),A,,오프라인,납입금액의 0.3%이내,0.26,0.14,0.34,,KR5144420020_p5_0011,5,투자설명서 복사본/KR5144420020/R2_KR5144420020.pdf
KR5144420020,NH-Amundi 국채10년 인덱스 증권자투자신탁[채권],2025-09-01,수수료선취-오프라인(A2),A2,,오프라인,납입금액의 0.4%이내,0.16,0.04,,,KR5144420020_p5_0011,5,투자설명서 복사본/KR5144420020/R2_KR5144420020.pdf
KR5144420020,NH-Amundi 국채10년 인덱스 증권자투자신탁[채권],2025-09-01,수수료미징구-오프라인(C),C,,오프라인,없음,0.57,0.45,0.4,,KR5144420020_p5_0011,5,투자설명서 복사본/KR5144420020/R2_KR5144420020.pdf
KR5144420020,NH-Amundi 국채10년 인덱스 증권자투자신탁[채권],2025-09-01,수수료선취-투자비용,,,,납입금액의 0.15%이내,0.17,0.05,0.25,,KR5144420020_p5_0011,5,투자설명서 복사본/KR5144420020/R2_KR5144420020.pdf
KR5144420020,NH-Amundi 국채10년 인덱스 증권자투자신탁[채권],2025-09-01,수수료미징구-온라인(Ce),Ce,,온라인,없음,0.27,0.15,0.27,,KR5144420020_p5_0011,5,투자설명서 복사본/KR5144420020/R2_KR5144420020.pdf
KR5144420081,NH-Amundi USD 초단기채권 증권자투자신탁(UH)[채권],2025-01-25,수수료선취-오프라인(A),A,,오프라인,납입금액의 0.2%이내,0.365,0.2,0.58,,KR5144420081_p5_0009,5,투자설명서 복사본/KR5144420081/R2_KR5144420081.pdf
KR5144420081,NH-Amundi USD 초단기채권 증권자투자신탁(UH)[채권],2025-01-25,수수료선취-오프라인(A2),A2,,오프라인,납입금액의 0.4%이내,0.275,0.11,,,KR5144420081_p5_0009,5,투자설명서 복사본/KR5144420081/R2_KR5144420081.pdf
KR5144420081,NH-Amundi USD 초단기채권 증권자투자신탁(UH)[채권],2025-01-25,수수료미징구-오프라인(C),C,,오프라인,없음,0.465,0.3,0.46,,KR5144420081_p5_0009,5,투자설명서 복사본/KR5144420081/R2_KR5144420081.pdf
KR5144420081,NH-Amundi USD 초단기채권 증권자투자신탁(UH)[채권],2025-01-25,수수료선취-온라인(Ae),Ae,,온라인,납입금액의 0.1%이내,0.265,0.1,0.5,,KR5144420081_p5_0009,5,투자설명서 복사본/KR5144420081/R2_KR5144420081.pdf
KR5144420081,NH-Amundi USD 초단기채권 증권자투자신탁(UH)[채권],2025-01-25,수수료미징구-온라인(Ce),Ce,,온라인,없음,0.315,0.15,0.58,,KR5144420081_p5_0009,5,투자설명서 복사본/KR5144420081/R2_KR5144420081.pdf
KR5144420081,NH-Amundi USD 초단기채권 증권자투자신탁(UH)[채권],2025-01-25,수수료선취-오프라인-무권유저비용(AG),AG,,오프라인,,0.285,,,,KR5144420081_p32_0088,32,투자설명서 복사본/KR5144420081/R2_KR5144420081.pdf
KR5144420081,NH-Amundi USD 초단기채권 증권자투자신탁(UH)[채권],2025-01-25,수수료미징구-오프라인-무권유저비용(CG),CG,,오프라인,,0.34,,,,KR5144420081_p32_0088,32,투자설명서 복사본/KR5144420081/R2_KR5144420081.pdf
KR5144420081,NH-Amundi USD 초단기채권 증권자투자신탁(UH)[채권],2025-01-25,수수료미징구-오프라인-기관(Cf),Cf,,오프라인,,0.195,,,,KR5144420081_p32_0088,32,투자설명서 복사본/KR5144420081/R2_KR5144420081.pdf
KR5144420081,NH-Amundi USD 초단기채권 증권자투자신탁(UH)[채권],2025-01-25,수수료미징구-오프라인-랩(Cw),Cw,,오프라인,,0.165,,,,KR5144420081_p32_0088,32,투자설명서 복사본/KR5144420081/R2_KR5144420081.pdf
KR5144420081,NH-Amundi USD 초단기채권 증권자투자신탁(UH)[채권],2025-01-25,수수료미징구-오프라인-개인연금(C-P1(연금저축)),C-P1,연금저축,오프라인,,0.415,,,,KR5144420081_p32_0088,32,투자설명서 복사본/KR5144420081/R2_KR5144420081.pdf
KR5144420081,NH-Amundi USD 초단기채권 증권자투자신탁(UH)[채권],2025-01-25,수수료미징구-온라인-개인연금(C-P1e(연금저축)),C-P1e,연금저축,온라인,,0.29,,,,KR5144420081_p32_0088,32,투자설명서 복사본/KR5144420081/R2_KR5144420081.pdf
KR5144420081,NH-Amundi USD 초단기채권 증권자투자신탁(UH)[채권],2025-01-25,수수료미징구-오프라인-퇴직연금(C-,,퇴직연금,오프라인,,0.395,,,,KR5144420081_p32_0088,32,투자설명서 복사본/KR5144420081/R2_KR5144420081.pdf
KR5144420091,NH-Amundi 하나로 단기채 증권투자신탁[채권],2025-09-14,수수료선취- 오프라인(A),A,,오프라인,납입금액의 0.1%이내,0.295,,0.34,0.3039,KR5144420091_p5_0009,5,투자설명서 복사본/KR5144420091/R2_KR5144420091.pdf
KR5144420091,NH-Amundi 하나로 단기채 증권투자신탁[채권],2025-09-14,수수료선취- 오프라인(A2),A2,,오프라인,납입금액의 0.3%이내,0.145,,,0.1539,KR5144420091_p5_0009,5,투자설명서 복사본/KR5144420091/R2_KR5144420091.pdf
KR5144420091,NH-Amundi 하나로 단기채 증권투자신탁[채권],2025-09-14,수수료미징구 -오프라인(C),C,,오프라인,없음,0.395,,0.4,0.4039,KR5144420091_p5_0009,5,투자설명서 복사본/KR5144420091/R2_KR5144420091.pdf
KR5144420091,NH-Amundi 하나로 단기채 증권투자신탁[채권],2025-09-14,수수료선취- 온라인(Ae),Ae,,온라인,납입금액의 0.05%이내,0.195,,0.25,0.2038,KR5144420091_p5_0009,5,투자설명서 복사본/KR5144420091/R2_KR5144420091.pdf
KR5144420091,NH-Amundi 하나로 단기채 증권투자신탁[채권],2025-09-14,수수료미징구 -온라인(Ce),Ce,,온라인,없음,0.245,,0.27,0.2539,KR5144420091_p5_0009,5,투자설명서 복사본/KR5144420091/R2_KR5144420091.pdf
KR5144420091,NH-Amundi 하나로 단기채 증권투자신탁[채권],2025-09-14,수수료선취-오프라인-무권유저비용(AG),AG,,오프라인,,0.208,,,,KR5144420091_p34_0089,34,투자설명서 복사본/KR5144420091/R2_KR5144420091.pdf
KR5144420091,NH-Amundi 하나로 단기채 증권투자신탁[채권],2025-09-14,수수료미징구-오프라인-무권유저비용(CG),CG,,오프라인,,0.265,,,,KR5144420091_p34_0089,34,투자설명서 복사본/KR5144420091/R2_KR5144420091.pdf
KR5144420091,NH-Amundi 하나로 단기채 증권투자신탁[채권],2025-09-14,수수료미징구-오프라인-기관(Cf),Cf,,오프라인,,0.105,,,,KR5144420091_p34_0089,34,투자설명서 복사본/KR5144420091/R2_KR5144420091.pdf
KR5144420091,NH-Amundi 하나로 단기채 증권투자신탁[채권],2025-09-14,수수료미징구-오프라인-고액(Ci),Ci,,오프라인,,0.145,,,,KR5144420091_p34_0089,34,투자설명서 복사본/KR5144420091/R2_KR5144420091.pdf
KR5144420091,NH-Amundi 하나로 단기채 증권투자신탁[채권],2025-09-14,수수료미징구-오프라인-랩(Cw),Cw,,오프라인,,0.095,,,,KR5144420091_p34_0089,34,투자설명서 복사본/KR5144420091/R2_KR5144420091.pdf
KR5144420091,NH-Amundi 하나로 단기채 증권투자신탁[채권],2025-09-14,수수료미징구-오프라인-개인연금 (C-P1(연금저축)),C-P1,연금저축,오프라인,,0.285,,,,KR5144420091_p34_0089,34,투자설명서 복사본/KR5144420091/R2_KR5144420091.pdf
KR5144420091,NH-Amundi 하나로 단기채 증권투자신탁[채권],2025-09-14,수수료미징구-온라인-개인연금(C-,,연금저축,온라인,,0.19,,,,KR5144420091_p34_0089,34,투자설명서 복사본/KR5144420091/R2_KR5144420091.pdf
KR5144420091,NH-Amundi 하나로 단기채 증권투자신탁[채권],2025-09-14,수수료미징구-온라인슈퍼-퇴직연금 (S-P2(퇴직연금)),S-P2,퇴직연금,온라인슈퍼,,0.15,,,,KR5144420091_p35_0094,35,투자설명서 복사본/KR5144420091/R2_KR5144420091.pdf
KR5144450095,NH-Amundi 필승 코리아 증권투자신탁 [주식],2025-08-14,수수료선취-오프라인(A),A,,오프라인,납입금액의 0.5%이내,0.877,0.34,,,KR5144450095_p5_0010,5,투자설명서 복사본/KR5144450095/R2_KR5144450095.pdf
KR5144450095,NH-Amundi 필승 코리아 증권투자신탁 [주식],2025-08-14,수수료선취-오프라인(A2),A2,,오프라인,납입금액의 1.0%이내,0.717,0.18,,,KR5144450095_p5_0010,5,투자설명서 복사본/KR5144450095/R2_KR5144450095.pdf
KR5144450095,NH-Amundi 필승 코리아 증권투자신탁 [주식],2025-08-14,수수료미징구-오프라인(C),C,,오프라인,없음,1.037,0.5,,,KR5144450095_p5_0010,5,투자설명서 복사본/KR5144450095/R2_KR5144450095.pdf
KR5144450095,NH-Amundi 필승 코리아 증권투자신탁 [주식],2025-08-14,수수료선취-온라인(Ae),Ae,,온라인,납입금액의 0.25%이내,0.707,0.17,,,KR5144450095_p5_0010,5,투자설명서 복사본/KR5144450095/R2_KR5144450095.pdf
KR5144450095,NH-Amundi 필승 코리아 증권투자신탁 [주식],2025-08-14,수수료선취-온투자비용,,,,납입금액의 0.5%이내,0.627,0.09,,,KR5144450095_p5_0010,5,투자설명서 복사본/KR5144450095/R2_KR5144450095.pdf
KR5144450095,NH-Amundi 필승 코리아 증권투자신탁 [주식],2025-08-14,수수료미징구-온라인(Ce),Ce,,온라인,없음,0.787,0.25,,,KR5144450095_p5_0010,5,투자설명서 복사본/KR5144450095/R2_KR5144450095.pdf
KR5144450095,NH-Amundi 필승 코리아 증권투자신탁 [주식],2025-08-14,수수료선취-온라인(A2e),A2e,,온라인,,0.627,,,,KR5144450095_p35_0089,35,투자설명서 복사본/KR5144450095/R2_KR5144450095.pdf
KR5144450095,NH-Amundi 필승 코리아 증권투자신탁 [주식],2025-08-14,수수료선취-오프라인-무권유저비용 (AG),AG,,오프라인,,0.737,,,,KR5144450095_p35_0089,35,투자설명서 복사본/KR5144450095/R2_KR5144450095.pdf
KR5144450095,NH-Amundi 필승 코리아 증권투자신탁 [주식],2025-08-14,수수료미징구-오프라인-무권유저비용(CG),CG,,오프라인,,0.837,,,,KR5144450095_p35_0089,35,투자설명서 복사본/KR5144450095/R2_KR5144450095.pdf
KR5144450095,NH-Amundi 필승 코리아 증권투자신탁 [주식],2025-08-14,수수료미징구-오프라인-기관 (Cf),Cf,,오프라인,,0.547,,,,KR5144450095_p35_0089,35,투자설명서 복사본/KR5144450095/R2_KR5144450095.pdf
KR5144450095,NH-Amundi 필승 코리아 증권투자신탁 [주식],2025-08-14,수수료미징구-오프라인-랩 (Cw),Cw,,오프라인,,0.537,,,,KR5144450095_p35_0089,35,투자설명서 복사본/KR5144450095/R2_KR5144450095.pdf
KR5144450095,NH-Amundi 필승 코리아 증권투자신탁 [주식],2025-08-14,수수료미징구-오프라인-개인연금 (C-P1(연금저축)),C-P1,연금저축,오프라인,,0.807,,,,KR5144450095_p35_0089,35,투자설명서 복사본/KR5144450095/R2_KR5144450095.pdf
KR5144450095,NH-Amundi 필승 코리아 증권투자신탁 [주식],2025-08-14,수수료미징구-온라인-개인연금 (C-P1e(연금저축)),C-P1e,연금저축,온라인,,0.672,,,,KR5144450095_p35_0089,35,투자설명서 복사본/KR5144450095/R2_KR5144450095.pdf
KR5144450095,NH-Amundi 필승 코리아 증권투자신탁 [주식],2025-08-14,수수료미징구-오프라인-퇴직연금 (C-P2(퇴직연금)),C-P2,퇴직연금,오프라인,,0.797,,,,KR5144450095_p35_0089,35,투자설명서 복사본/KR5144450095/R2_KR5144450095.pdf
KR5144450095,NH-Amundi 필승 코리아 증권투자신탁 [주식],2025-08-14,수수료미징구-온라인-,,,온라인,,0.667,,,,KR5144450095_p35_0089,35,투자설명서 복사본/KR5144450095/R2_KR5144450095.pdf
KR5147430065,KCGI코리아목표전환형증권투자신탁4호[채권혼합](운용전환일 이후),2025-09-26,수수료선취- 오프라인형(A),A,,오프라인,,0.443,,,,KR5147430065_p5_0014,5,투자설명서 복사본/KR5147430065/R2_KR5147430065.pdf
KR5147430065,KCGI코리아목표전환형증권투자신탁4호[채권혼합](운용전환일 이후),2025-09-26,운용전환일부 터 해지일까지,,,,,0.14,,,,KR5147430065_p5_0014,5,투자설명서 복사본/KR5147430065/R2_KR5147430065.pdf
KR515302022M,KCGI코리아증권투자신탁1호[주식] (펀드코드 : AJ437),2025-11-06,수수료선취- 오프라인(A),A,,오프라인,납입금액의 0.7%이내,1.143,0.45,,,KR515302022M_p5_0016,5,투자설명서 복사본/KR515302022M/R2_KR515302022M.pdf
KR515302022M,KCGI코리아증권투자신탁1호[주식] (펀드코드 : AJ437),2025-11-06,수수료미징구- 오프라인- 보수체감(C1),C1,,오프라인,없음,1.893,1.2,,,KR515302022M_p5_0016,5,투자설명서 복사본/KR515302022M/R2_KR515302022M.pdf
KR515302022M,KCGI코리아증권투자신탁1호[주식] (펀드코드 : AJ437),2025-11-06,수수료선취- 온라인(Ae),Ae,,온라인,납입금액의 0.35%이내,0.918,0.225,,,KR515302022M_p5_0016,5,투자설명서 복사본/KR515302022M/R2_KR515302022M.pdf
KR515302022M,KCGI코리아증권투자신탁1호[주식] (펀드코드 : AJ437),2025-11-06,수수료미징구- 온라인(Ce),Ce,,온라인,없음,1.193,0.5,,,KR515302022M_p5_0016,5,투자설명서 복사본/KR515302022M/R2_KR515302022M.pdf
KR5153420022,미래에셋라이프사이클7090연금증권전환형자투자신탁1호(채권),2021-03-10,수수료미징구-오프라인-개 인연금(C),C,연금저축,오프라인,-,0.54,0.35,,,KR5153420022_p3_0007,3,투자설명서 복사본/KR5153420022/R2_KR5153420022.pdf
KR5153420022,미래에셋라이프사이클7090연금증권전환형자투자신탁1호(채권),2021-03-10,수수료미징구-온라인-개인 연금(C-e),C-e,연금저축,온라인,-,0.36,0.17,,,KR5153420022_p3_0007,3,투자설명서 복사본/KR5153420022/R2_KR5153420022.pdf
KR5153420063,미래에셋솔로몬단기국공채증권자투자신탁1호(채권),2025-02-07,수수료선취-오프라인(A),A,,오프라인,-,0.65,0.45,0.25,0.66,KR5153420063_p3_0007,3,투자설명서 복사본/KR5153420063/R2_KR5153420063.pdf
KR5153420063,미래에셋솔로몬단기국공채증권자투자신탁1호(채권),2025-02-07,수수료미징구-오프라인-개 인연금(C-P),C-P,연금저축,오프라인,-,0.47,0.27,,0.48,KR5153420063_p3_0007,3,투자설명서 복사본/KR5153420063/R2_KR5153420063.pdf
KR5153420063,미래에셋솔로몬단기국공채증권자투자신탁1호(채권),2025-02-07,수수료미징구-오프라인-퇴 직연금(C-P2),C-P2,퇴직연금,오프라인,-,0.46,0.26,,0.47,KR5153420063_p3_0007,3,투자설명서 복사본/KR5153420063/R2_KR5153420063.pdf
KR5153420079,미래에셋솔로몬중장기국공채증권자투자신탁1호(채권),2025-08-22,수수료선취-오프라인(A),A,,오프라인,납입금 액의 0.3% 이내,0.43,0.31,0.25,0.43,KR5153420079_p3_0007,3,투자설명서 복사본/KR5153420079/R2_KR5153420079.pdf
KR5153420079,미래에셋솔로몬중장기국공채증권자투자신탁1호(채권),2025-08-22,수수료미징구-오프라인(C),C,,오프라인,-,0.57,0.45,0.35,0.58,KR5153420079_p3_0007,3,투자설명서 복사본/KR5153420079/R2_KR5153420079.pdf
KR5153420079,미래에셋솔로몬중장기국공채증권자투자신탁1호(채권),2025-08-22,수수료선취-온라인(A-e),A-e,,온라인,납입금 액의 0.15% 이내,0.275,0.155,0.22,0.275,KR5153420079_p3_0007,3,투자설명서 복사본/KR5153420079/R2_KR5153420079.pdf
KR5153420079,미래에셋솔로몬중장기국공채증권자투자신탁1호(채권),2025-08-22,수수료미징구-온라인(C-e),C-e,,온라인,-,0.5,0.38,0.24,0.51,KR5153420079_p3_0007,3,투자설명서 복사본/KR5153420079/R2_KR5153420079.pdf
KR5153420079,미래에셋솔로몬중장기국공채증권자투자신탁1호(채권),2025-08-22,수수료미징구-오프라인-개 인연금(C-P),C-P,연금저축,오프라인,-,0.48,0.36,,0.49,KR5153420079_p3_0007,3,투자설명서 복사본/KR5153420079/R2_KR5153420079.pdf
KR5153420079,미래에셋솔로몬중장기국공채증권자투자신탁1호(채권),2025-08-22,수수료미징구-오프라인-퇴 직연금(C-P2),C-P2,퇴직연금,오프라인,-,0.41,0.29,,0.42,KR5153420079_p3_0007,3,투자설명서 복사본/KR5153420079/R2_KR5153420079.pdf
KR5153420105,미래에셋솔로몬장기국공채증권자투자신탁1호(채권),2025-12-23,수수료선취-오프라인(A),A,,오프라인,납입금 액의 0.3% 이내,0.35,0.19,0.33,0.36,KR5153420105_p3_0007,3,투자설명서 복사본/KR5153420105/R2_KR5153420105.pdf
KR5153420105,미래에셋솔로몬장기국공채증권자투자신탁1호(채권),2025-12-23,수수료미징구-오프라인(C),C,,오프라인,-,0.44,0.28,0.4,0.45,KR5153420105_p3_0007,3,투자설명서 복사본/KR5153420105/R2_KR5153420105.pdf
KR5153420105,미래에셋솔로몬장기국공채증권자투자신탁1호(채권),2025-12-23,수수료선취-온라인(A-e),A-e,,온라인,납입금 액의 0.15% 이내,0.255,0.095,0.25,0.255,KR5153420105_p3_0007,3,투자설명서 복사본/KR5153420105/R2_KR5153420105.pdf
KR5153420105,미래에셋솔로몬장기국공채증권자투자신탁1호(채권),2025-12-23,수수료미징구-온라인(C-e),C-e,,온라인,-,0.4,0.24,0.27,0.41,KR5153420105_p3_0007,3,투자설명서 복사본/KR5153420105/R2_KR5153420105.pdf
KR5153420105,미래에셋솔로몬장기국공채증권자투자신탁1호(채권),2025-12-23,수수료미징구-오프라인-개 인연금(C-P),C-P,연금저축,오프라인,-,0.43,0.27,,0.44,KR5153420105_p3_0007,3,투자설명서 복사본/KR5153420105/R2_KR5153420105.pdf
KR5153420105,미래에셋솔로몬장기국공채증권자투자신탁1호(채권),2025-12-23,수수료미징구-오프라인-퇴 직연금(C-P2),C-P2,퇴직연금,오프라인,-,0.42,0.26,,0.43,KR5153420105_p3_0007,3,투자설명서 복사본/KR5153420105/R2_KR5153420105.pdf
KR5153420318,미래에셋AI퀀트미국투자등급회사채증권자투자신탁(채권),2025-10-17,수수료선취-오프라인(A),A,,오프라인,납입금 액의 0.7% 이내,0.95,0.6,0.83,0.95,KR5153420318_p4_0008,4,투자설명서 복사본/KR5153420318/R2_KR5153420318.pdf
KR5153420318,미래에셋AI퀀트미국투자등급회사채증권자투자신탁(채권),2025-10-17,수수료미징구-오프라인(C),C,,오프라인,-,1.35,1.0,0.53,1.35,KR5153420318_p4_0008,4,투자설명서 복사본/KR5153420318/R2_KR5153420318.pdf
KR5153420318,미래에셋AI퀀트미국투자등급회사채증권자투자신탁(채권),2025-10-17,수수료선취-온라인(A-e),A-e,,온라인,납입금 액의 0.35% 이내,0.65,0.3,0.59,0.7,KR5153420318_p4_0008,4,투자설명서 복사본/KR5153420318/R2_KR5153420318.pdf
KR5153420318,미래에셋AI퀀트미국투자등급회사채증권자투자신탁(채권),2025-10-17,수수료미징구-온라인(C-e),C-e,,온라인,-,0.85,0.5,0.53,0.9,KR5153420318_p4_0008,4,투자설명서 복사본/KR5153420318/R2_KR5153420318.pdf
KR5153420318,미래에셋AI퀀트미국투자등급회사채증권자투자신탁(채권),2025-10-17,수수료미징구-오프라인-개 인연금(C-P),C-P,연금저축,오프라인,-,0.76,0.41,,0.76,KR5153420318_p4_0008,4,투자설명서 복사본/KR5153420318/R2_KR5153420318.pdf
KR5153420318,미래에셋AI퀀트미국투자등급회사채증권자투자신탁(채권),2025-10-17,수수료미징구-오프라인-퇴 직연금(C-P2),C-P2,퇴직연금,오프라인,-,0.71,0.36,,0.71,KR5153420318_p4_0008,4,투자설명서 복사본/KR5153420318/R2_KR5153420318.pdf
KR5153420339,미래에셋프리미엄크레딧초단기증권투자신탁(채권),2024-12-24,수수료선취-오프라인(A),A,,오프라인,납입금 액의 0.2% 이내,0.18,0.12,0.25,0.18,KR5153420339_p4_0008,4,투자설명서 복사본/KR5153420339/R2_KR5153420339.pdf
KR5153420339,미래에셋프리미엄크레딧초단기증권투자신탁(채권),2024-12-24,수수료미징구-오프라인(C),C,,오프라인,-,0.38,0.32,0.35,0.38,KR5153420339_p4_0008,4,투자설명서 복사본/KR5153420339/R2_KR5153420339.pdf
KR5153420339,미래에셋프리미엄크레딧초단기증권투자신탁(채권),2024-12-24,수수료선취-온라인(A-e),A-e,,온라인,납입금 액의 0.1% 이내,0.12,0.06,0.22,0.12,KR5153420339_p4_0008,4,투자설명서 복사본/KR5153420339/R2_KR5153420339.pdf
KR5153420339,미래에셋프리미엄크레딧초단기증권투자신탁(채권),2024-12-24,수수료미징구-온라인(C-e),C-e,,온라인,-,0.22,0.16,0.24,0.22,KR5153420339_p4_0008,4,투자설명서 복사본/KR5153420339/R2_KR5153420339.pdf
KR5153450112,미래에셋라이프사이클2030연금증권전환형자투자신탁1호(주식),2025-05-09,수수료미징구-오프라인-개 인연금(C),C,연금저축,오프라인,-,1.54,0.95,,1.54,KR5153450112_p3_0007,3,투자설명서 복사본/KR5153450112/R2_KR5153450112.pdf
KR5153450112,미래에셋라이프사이클2030연금증권전환형자투자신탁1호(주식),2025-05-09,수수료미징구-온라인-개인 연금(C-e),C-e,연금저축,온라인,-,1.06,0.47,,1.06,KR5153450112_p3_0007,3,투자설명서 복사본/KR5153450112/R2_KR5153450112.pdf
KR5153450209,미래에셋퇴직연금코어밸류증권자투자신탁1호(주식),2025-07-31,수수료미징구-오프라인-퇴 직연금(C),C,퇴직연금,오프라인,-,1.2,0.805,,1.2,KR5153450209_p3_0007,3,투자설명서 복사본/KR5153450209/R2_KR5153450209.pdf
KR5153450209,미래에셋퇴직연금코어밸류증권자투자신탁1호(주식),2025-07-31,수수료미징구-온라인-퇴직 연금(C-P2e),C-P2e,퇴직연금,온라인,-,0.795,0.4,,0.795,KR5153450209_p3_0007,3,투자설명서 복사본/KR5153450209/R2_KR5153450209.pdf
KR5153450250,미래에셋퇴직연금고배당포커스증권자투자신탁1호(주식),2025-09-05,수수료미징구-오프라인-퇴 직연금(C),C,퇴직연금,오프라인,-,1.2,0.805,,1.21,KR5153450250_p3_0007,3,투자설명서 복사본/KR5153450250/R2_KR5153450250.pdf
KR5153450250,미래에셋퇴직연금고배당포커스증권자투자신탁1호(주식),2025-09-05,수수료미징구-온라인-퇴직 연금(C-P2e),C-P2e,퇴직연금,온라인,-,0.795,0.4,,0.805,KR5153450250_p3_0007,3,투자설명서 복사본/KR5153450250/R2_KR5153450250.pdf
KR5153450268,미래에셋스마트롱숏70증권자투자신탁1호(주식),2025-12-17,수수료선취-오프라인(A),A,,오프라인,납입금 액의 1% 이내,1.15,0.55,1.4,1.15,KR5153450268_p3_0007,3,투자설명서 복사본/KR5153450268/R2_KR5153450268.pdf
KR5153450268,미래에셋스마트롱숏70증권자투자신탁1호(주식),2025-12-17,수수료미징구-오프라인-보 수체감(C1),C1,,오프라인,-,1.9,1.3,1.6,1.9,KR5153450268_p3_0007,3,투자설명서 복사본/KR5153450268/R2_KR5153450268.pdf
KR5153450268,미래에셋스마트롱숏70증권자투자신탁1호(주식),2025-12-17,수수료선취-온라인(A-e),A-e,,온라인,납입금 액의 0.5% 이내,0.87,0.27,1.11,0.87,KR5153450268_p3_0007,3,투자설명서 복사본/KR5153450268/R2_KR5153450268.pdf
KR5153450268,미래에셋스마트롱숏70증권자투자신탁1호(주식),2025-12-17,수수료미징구-온라인(C-e),C-e,,온라인,-,1.1,0.5,1.15,1.1,KR5153450268_p3_0007,3,투자설명서 복사본/KR5153450268/R2_KR5153450268.pdf
KR5153450268,미래에셋스마트롱숏70증권자투자신탁1호(주식),2025-12-17,수수료미징구-오프라인-개 인연금(C-P),C-P,연금저축,오프라인,-,1.54,0.94,,1.54,KR5153450268_p3_0007,3,투자설명서 복사본/KR5153450268/R2_KR5153450268.pdf
KR5153450268,미래에셋스마트롱숏70증권자투자신탁1호(주식),2025-12-17,수수료미징구-오프라인-퇴 직연금(C-P2),C-P2,퇴직연금,오프라인,-,1.35,0.75,,1.35,KR5153450268_p3_0007,3,투자설명서 복사본/KR5153450268/R2_KR5153450268.pdf
KR5153450431,미래에셋인덱스플러스연금증권전환형자투자신탁1호(주식),2025-07-31,수수료미징구-오프라인-개 인연금(C),C,연금저축,오프라인,-,0.815,0.64,,0.815,KR5153450431_p3_0007,3,투자설명서 복사본/KR5153450431/R2_KR5153450431.pdf
KR5153450431,미래에셋인덱스플러스연금증권전환형자투자신탁1호(주식),2025-07-31,수수료미징구-온라인-개인 연금(C-e),C-e,연금저축,온라인,-,0.495,0.32,,0.495,KR5153450431_p3_0007,3,투자설명서 복사본/KR5153450431/R2_KR5153450431.pdf
KR5153450658,미래에셋솔로몬초단기국공채증권자투자신탁2호(채권),2025-11-21,수수료선취-오프라인(A),A,,오프라인,납입금 액의 0.1% 이내,0.32,0.2,0.25,0.32,KR5153450658_p4_0008,4,투자설명서 복사본/KR5153450658/R2_KR5153450658.pdf
KR5153450658,미래에셋솔로몬초단기국공채증권자투자신탁2호(채권),2025-11-21,수수료미징구-오프라인-보 수체감(C1),C1,,오프라인,-,0.45,0.33,0.35,0.45,KR5153450658_p4_0008,4,투자설명서 복사본/KR5153450658/R2_KR5153450658.pdf
KR5153450658,미래에셋솔로몬초단기국공채증권자투자신탁2호(채권),2025-11-21,수수료선취-온라인(A-e),A-e,,온라인,납입금 액의 0.05% 이내,0.22,0.1,0.74,0.23,KR5153450658_p4_0008,4,투자설명서 복사본/KR5153450658/R2_KR5153450658.pdf
KR5153450658,미래에셋솔로몬초단기국공채증권자투자신탁2호(채권),2025-11-21,수수료미징구-온라인(C-e),C-e,,온라인,-,0.29,0.17,0.24,0.3,KR5153450658_p4_0008,4,투자설명서 복사본/KR5153450658/R2_KR5153450658.pdf
KR5153450658,미래에셋솔로몬초단기국공채증권자투자신탁2호(채권),2025-11-21,수수료미징구-오프라인-개 인연금(C-P),C-P,연금저축,오프라인,-,0.4,0.28,,0.4,KR5153450658_p4_0008,4,투자설명서 복사본/KR5153450658/R2_KR5153450658.pdf
KR5153450658,미래에셋솔로몬초단기국공채증권자투자신탁2호(채권),2025-11-21,수수료미징구-오프라인-퇴 직연금(C-P2),C-P2,퇴직연금,오프라인,-,0.38,0.26,,0.39,KR5153450658_p4_0008,4,투자설명서 복사본/KR5153450658/R2_KR5153450658.pdf
KR5153450772,미래에셋그린뉴딜인덱스증권자투자신탁(주식),2025-05-09,수수료선취-오프라인(A),A,,오프라인,납입금 액의 0.8% 이내,0.7,0.35,1.37,0.75,KR5153450772_p3_0008,3,투자설명서 복사본/KR5153450772/R2_KR5153450772.pdf
KR5153450772,미래에셋그린뉴딜인덱스증권자투자신탁(주식),2025-05-09,수수료미징구-오프라인(C),C,,오프라인,-,1.2,0.85,1.58,1.25,KR5153450772_p3_0008,3,투자설명서 복사본/KR5153450772/R2_KR5153450772.pdf
KR5153450772,미래에셋그린뉴딜인덱스증권자투자신탁(주식),2025-05-09,수수료선취-온라인(A-e),A-e,,온라인,납입금 액의 0.4% 이내,0.52,0.17,1.01,0.57,KR5153450772_p3_0008,3,투자설명서 복사본/KR5153450772/R2_KR5153450772.pdf
KR5153450772,미래에셋그린뉴딜인덱스증권자투자신탁(주식),2025-05-09,수수료미징구-온라인(C-e),C-e,,온라인,-,0.77,0.42,1.19,0.82,KR5153450772_p3_0008,3,투자설명서 복사본/KR5153450772/R2_KR5153450772.pdf
KR5153450772,미래에셋그린뉴딜인덱스증권자투자신탁(주식),2025-05-09,수수료미징구-오프라인-개 인연금(C-P),C-P,연금저축,오프라인,-,1.03,0.68,,1.08,KR5153450772_p3_0008,3,투자설명서 복사본/KR5153450772/R2_KR5153450772.pdf
KR5153450785,미래에셋코어테크증권자투자신탁(주식),2026-01-06,수수료선취-오프라인(A),A,,오프라인,납입금 액의 1% 이내,1.435,0.68,1.4,1.435,KR5153450785_p4_0007,4,투자설명서 복사본/KR5153450785/R2_KR5153450785.pdf
KR5153450785,미래에셋코어테크증권자투자신탁(주식),2026-01-06,수수료미징구-오프라인(C),C,,오프라인,-,1.755,1.0,1.6,1.755,KR5153450785_p4_0007,4,투자설명서 복사본/KR5153450785/R2_KR5153450785.pdf
KR5153450785,미래에셋코어테크증권자투자신탁(주식),2026-01-06,수수료선취-온라인(A-e),A-e,,온라인,납입금 액의 0.5% 이내,1.095,0.34,1.08,1.095,KR5153450785_p4_0007,4,투자설명서 복사본/KR5153450785/R2_KR5153450785.pdf
KR5153450785,미래에셋코어테크증권자투자신탁(주식),2026-01-06,수수료미징구-온라인(C-e),C-e,,온라인,-,1.255,0.5,1.14,1.255,KR5153450785_p4_0007,4,투자설명서 복사본/KR5153450785/R2_KR5153450785.pdf
KR5153450785,미래에셋코어테크증권자투자신탁(주식),2026-01-06,수수료미징구-오프라인-개 인연금(C-P),C-P,연금저축,오프라인,-,1.555,0.8,,1.555,KR5153450785_p4_0007,4,투자설명서 복사본/KR5153450785/R2_KR5153450785.pdf
KR5153450785,미래에셋코어테크증권자투자신탁(주식),2026-01-06,수수료미징구-오프라인-퇴 직연금(C-P2),C-P2,퇴직연금,오프라인,-,1.395,0.64,,1.395,KR5153450785_p4_0007,4,투자설명서 복사본/KR5153450785/R2_KR5153450785.pdf
KR5153450791,미래에셋퇴직플랜KRX100인덱스증권자투자신탁1호(주식),2025-02-21,수수료미징구-오프라인-퇴 직연금(C),C,퇴직연금,오프라인,-,0.75,0.49,,0.77,KR5153450791_p3_0007,3,투자설명서 복사본/KR5153450791/R2_KR5153450791.pdf
KR5153450791,미래에셋퇴직플랜KRX100인덱스증권자투자신탁1호(주식),2025-02-21,수수료미징구-온라인-퇴직 연금(C-P2e),C-P2e,퇴직연금,온라인,-,0.5,0.24,,0.52,KR5153450791_p3_0007,3,투자설명서 복사본/KR5153450791/R2_KR5153450791.pdf
KR5153451009,미래에셋연금아시아퍼시픽소비성장증권자투자신탁1호(주식),2025-12-23,수수료미징구-오프라인-개 인연금(C-P),C-P,연금저축,오프라인,-,1.68,0.96,,1.75,KR5153451009_p3_0007,3,투자설명서 복사본/KR5153451009/R2_KR5153451009.pdf
KR5153451009,미래에셋연금아시아퍼시픽소비성장증권자투자신탁1호(주식),2025-12-23,수수료미징구-온라인-개인 연금(C-Pe),C-Pe,연금저축,온라인,-,1.2,0.48,,1.27,KR5153451009_p3_0007,3,투자설명서 복사본/KR5153451009/R2_KR5153451009.pdf
KR5153451009,미래에셋연금아시아퍼시픽소비성장증권자투자신탁1호(주식),2025-12-23,수수료미징구-오프라인-퇴 직연금(C-P2),C-P2,퇴직연금,오프라인,-,1.57,0.85,,1.64,KR5153451009_p3_0007,3,투자설명서 복사본/KR5153451009/R2_KR5153451009.pdf
KR5153451009,미래에셋연금아시아퍼시픽소비성장증권자투자신탁1호(주식),2025-12-23,수수료미징구-온라인-퇴직 연금(C-P2e),C-P2e,퇴직연금,온라인,-,1.14,0.42,,1.21,KR5153451009_p3_0007,3,투자설명서 복사본/KR5153451009/R2_KR5153451009.pdf
KR5153520012,미래에셋퇴직플랜증권자투자신탁1호(채권),2025-12-23,수수료미징구-오프라인-퇴 직연금(C),C,퇴직연금,오프라인,-,0.38,0.2,,0.39,KR5153520012_p3_0007,3,투자설명서 복사본/KR5153520012/R2_KR5153520012.pdf
KR5153520012,미래에셋퇴직플랜증권자투자신탁1호(채권),2025-12-23,수수료미징구-온라인-퇴직 연금(C-P2e),C-P2e,퇴직연금,온라인,-,0.28,0.1,,0.29,KR5153520012_p3_0007,3,투자설명서 복사본/KR5153520012/R2_KR5153520012.pdf
KR5157420003,마이다스 우량채권 증권 자투자신탁 제1호(채권),2025-07-29,수수료선취-오프라인(A),A,,오프라인,,0.31,,0.34,0.3122,KR5157420003_p29_0074,29,투자설명서 복사본/KR5157420003/R2_KR5157420003.pdf
KR5157420003,마이다스 우량채권 증권 자투자신탁 제1호(채권),2025-07-29,수수료선취-온라인(Ae),Ae,,온라인,,0.21,,0.26,0.2123,KR5157420003_p29_0074,29,투자설명서 복사본/KR5157420003/R2_KR5157420003.pdf
KR5157420003,마이다스 우량채권 증권 자투자신탁 제1호(채권),2025-07-29,수수료미징구-오프라인(C),C,,오프라인,,0.41,,0.4,0.4124,KR5157420003_p29_0074,29,투자설명서 복사본/KR5157420003/R2_KR5157420003.pdf
KR5157420003,마이다스 우량채권 증권 자투자신탁 제1호(채권),2025-07-29,수수료미징구-온라인(Ce),Ce,,온라인,,0.26,,0.26,0.2623,KR5157420003_p29_0074,29,투자설명서 복사본/KR5157420003/R2_KR5157420003.pdf
KR5157420003,마이다스 우량채권 증권 자투자신탁 제1호(채권),2025-07-29,수수료미징구-오프라인,,,오프라인,,0.36,,,0.3624,KR5157420003_p29_0074,29,투자설명서 복사본/KR5157420003/R2_KR5157420003.pdf
KR5157450017,마이다스 책임투자 증권 투자신탁(주식),2025-10-31,수수료선취-오프라인(A1),A1,,오프라인,,1.6,,1.35,1.602,KR5157450017_p30_0080,30,투자설명서 복사본/KR5157450017/R2_KR5157450017.pdf
KR5157450017,마이다스 책임투자 증권 투자신탁(주식),2025-10-31,수수료선취-온라인(Ae),Ae,,온라인,,1.15,,0.99,1.152,KR5157450017_p30_0080,30,투자설명서 복사본/KR5157450017/R2_KR5157450017.pdf
KR5157450017,마이다스 책임투자 증권 투자신탁(주식),2025-10-31,수수료미징구-오프라인 -보수체감(C1),C1,,오프라인,,2.2,,1.59,2.202,KR5157450017_p30_0080,30,투자설명서 복사본/KR5157450017/R2_KR5157450017.pdf
KR5157450017,마이다스 책임투자 증권 투자신탁(주식),2025-10-31,수수료미징구-오프라인 -보수체감(C2),C2,,오프라인,,2.05,,1.59,2.052,KR5157450017_p30_0080,30,투자설명서 복사본/KR5157450017/R2_KR5157450017.pdf
KR5157450017,마이다스 책임투자 증권 투자신탁(주식),2025-10-31,수수료미징구-오프라인 -보수체감(C3),C3,,오프라인,,1.9,,1.59,1.902,KR5157450017_p30_0080,30,투자설명서 복사본/KR5157450017/R2_KR5157450017.pdf
KR5157450017,마이다스 책임투자 증권 투자신탁(주식),2025-10-31,수수료미징구-오프라인 -보수체감(C4),C4,,오프라인,,1.7,,1.59,1.702,KR5157450017_p30_0080,30,투자설명서 복사본/KR5157450017/R2_KR5157450017.pdf
KR5157450017,마이다스 책임투자 증권 투자신탁(주식),2025-10-31,수수료미징구-온라인(Ce),Ce,,온라인,,1.6,,1.16,1.602,KR5157450017_p30_0080,30,투자설명서 복사본/KR5157450017/R2_KR5157450017.pdf
KR5157450017,마이다스 책임투자 증권 투자신탁(주식),2025-10-31,수수료미징구-오프라인 -기관(C-F),C-F,,오프라인,,0.73,,,0.732,KR5157450017_p30_0080,30,투자설명서 복사본/KR5157450017/R2_KR5157450017.pdf
KR5157450017,마이다스 책임투자 증권 투자신탁(주식),2025-10-31,수수료미징구-오프라인 -랩(C-W),C-W,,오프라인,,0.7,,,0.702,KR5157450017_p30_0080,30,투자설명서 복사본/KR5157450017/R2_KR5157450017.pdf
KR5157450017,마이다스 책임투자 증권 투자신탁(주식),2025-10-31,수수료미징구-오프라인 -개인연금(C-P1),C-P1,연금저축,오프라인,,1.54,,,1.542,KR5157450017_p30_0080,30,투자설명서 복사본/KR5157450017/R2_KR5157450017.pdf
KR5157450017,마이다스 책임투자 증권 투자신탁(주식),2025-10-31,수수료미징구-온라인 -개인연금(C-Pe1),C-Pe1,연금저축,온라인,,1.12,,,1.122,KR5157450017_p30_0080,30,투자설명서 복사본/KR5157450017/R2_KR5157450017.pdf
KR5157450017,마이다스 책임투자 증권 투자신탁(주식),2025-10-31,수수료미징구-오프라인 -퇴직연금(C-P2),C-P2,퇴직연금,오프라인,,1.3,,,1.302,KR5157450017_p30_0080,30,투자설명서 복사본/KR5157450017/R2_KR5157450017.pdf
KR5157450017,마이다스 책임투자 증권 투자신탁(주식),2025-10-31,수수료미징구-온라인 -퇴직연금(C-Pe2),C-Pe2,퇴직연금,온라인,,1.0,,,1.002,KR5157450017_p30_0080,30,투자설명서 복사본/KR5157450017/R2_KR5157450017.pdf
KR5157450017,마이다스 책임투자 증권 투자신탁(주식),2025-10-31,수수료후취-온라인슈퍼(S),S,,온라인슈퍼,,1.05,,,1.052,KR5157450017_p30_0080,30,투자설명서 복사본/KR5157450017/R2_KR5157450017.pdf
KR5157450017,마이다스 책임투자 증권 투자신탁(주식),2025-10-31,수수료미징구-온라인슈퍼 -개인연금(S-P),S-P,연금저축,온라인슈퍼,,0.95,,,0.952,KR5157450017_p30_0080,30,투자설명서 복사본/KR5157450017/R2_KR5157450017.pdf
KR5157450017,마이다스 책임투자 증권 투자신탁(주식),2025-10-31,수수료선취-오프라인 -무권유저비용(AG),AG,,오프라인,,1.33,,,1.33,KR5157450017_p30_0080,30,투자설명서 복사본/KR5157450017/R2_KR5157450017.pdf
KR5157450017,마이다스 책임투자 증권 투자신탁(주식),2025-10-31,수수료미징구-오프라인 -무권유저비용(CG),CG,,오프라인,,1.645,,,1.645,KR5157450017_p30_0080,30,투자설명서 복사본/KR5157450017/R2_KR5157450017.pdf
KR5157450017,마이다스 책임투자 증권 투자신탁(주식),2025-10-31,수수료미징구-오프라인-,,,오프라인,,0.97,,,0.97,KR5157450017_p30_0080,30,투자설명서 복사본/KR5157450017/R2_KR5157450017.pdf
KR5157450090,마이다스 거북이 90 증권 자투자신탁 1호(주식),2025-10-01,수수료선취-오프라인(A),A,,오프라인,,1.31,,1.42,1.312,KR5157450090_p35_0094,35,투자설명서 복사본/KR5157450090/R2_KR5157450090.pdf
KR5157450090,마이다스 거북이 90 증권 자투자신탁 1호(주식),2025-10-01,수수료선취-온라인(Ae),Ae,,온라인,,0.95,,1.14,0.952,KR5157450090_p35_0094,35,투자설명서 복사본/KR5157450090/R2_KR5157450090.pdf
KR5157450090,마이다스 거북이 90 증권 자투자신탁 1호(주식),2025-10-01,수수료미징구-오프라인- 보수체감(C1),C1,,오프라인,,2.09,,1.6,2.092,KR5157450090_p35_0094,35,투자설명서 복사본/KR5157450090/R2_KR5157450090.pdf
KR5157450090,마이다스 거북이 90 증권 자투자신탁 1호(주식),2025-10-01,수수료미징구-오프라인- 보수체감(C2),C2,,오프라인,,1.79,,1.6,1.792,KR5157450090_p35_0094,35,투자설명서 복사본/KR5157450090/R2_KR5157450090.pdf
KR5157450090,마이다스 거북이 90 증권 자투자신탁 1호(주식),2025-10-01,수수료미징구-오프라인- 보수체감(C3),C3,,오프라인,,1.39,,1.6,1.392,KR5157450090_p35_0094,35,투자설명서 복사본/KR5157450090/R2_KR5157450090.pdf
KR5157450090,마이다스 거북이 90 증권 자투자신탁 1호(주식),2025-10-01,수수료미징구-오프라인- 보수체감(C4),C4,,오프라인,,1.09,,1.6,1.092,KR5157450090_p35_0094,35,투자설명서 복사본/KR5157450090/R2_KR5157450090.pdf
KR5157450090,마이다스 거북이 90 증권 자투자신탁 1호(주식),2025-10-01,수수료미징구-온라인(Ce),Ce,,온라인,,1.08,,1.18,1.082,KR5157450090_p35_0094,35,투자설명서 복사본/KR5157450090/R2_KR5157450090.pdf
KR5157450090,마이다스 거북이 90 증권 자투자신탁 1호(주식),2025-10-01,수수료미징구-오프라인- 기관(C-F),C-F,,오프라인,,0.62,,,0.62,KR5157450090_p35_0094,35,투자설명서 복사본/KR5157450090/R2_KR5157450090.pdf
KR5157450090,마이다스 거북이 90 증권 자투자신탁 1호(주식),2025-10-01,수수료미징구-오프라인- 랩(C-W),C-W,,오프라인,,0.59,,,0.592,KR5157450090_p35_0094,35,투자설명서 복사본/KR5157450090/R2_KR5157450090.pdf
KR5157450090,마이다스 거북이 90 증권 자투자신탁 1호(주식),2025-10-01,수수료미징구-오프라인- 개인연금(C-P1),C-P1,연금저축,오프라인,,1.43,,,1.43,KR5157450090_p35_0094,35,투자설명서 복사본/KR5157450090/R2_KR5157450090.pdf
KR5157450090,마이다스 거북이 90 증권 자투자신탁 1호(주식),2025-10-01,수수료미징구-온라인- 개인연금(C-Pe1),C-Pe1,연금저축,온라인,,1.01,,,1.012,KR5157450090_p35_0094,35,투자설명서 복사본/KR5157450090/R2_KR5157450090.pdf
KR5157450090,마이다스 거북이 90 증권 자투자신탁 1호(주식),2025-10-01,수수료미징구-오프라인-퇴직 연금(C-P2),C-P2,퇴직연금,오프라인,,1.19,,,1.19,KR5157450090_p35_0094,35,투자설명서 복사본/KR5157450090/R2_KR5157450090.pdf
KR5157450090,마이다스 거북이 90 증권 자투자신탁 1호(주식),2025-10-01,수수료미징구-온라인-퇴직연 금(C-Pe2),C-Pe2,퇴직연금,온라인,,0.84,,,0.842,KR5157450090_p35_0094,35,투자설명서 복사본/KR5157450090/R2_KR5157450090.pdf
KR5157450090,마이다스 거북이 90 증권 자투자신탁 1호(주식),2025-10-01,수수료후취-온라인슈퍼(S),S,,온라인슈퍼,,0.94,,,0.941,KR5157450090_p35_0094,35,투자설명서 복사본/KR5157450090/R2_KR5157450090.pdf
KR5157450090,마이다스 거북이 90 증권 자투자신탁 1호(주식),2025-10-01,수수료미징구-온라인슈퍼- 개인연금(S-P),S-P,연금저축,온라인슈퍼,,0.87,,,0.87,KR5157450090_p35_0094,35,투자설명서 복사본/KR5157450090/R2_KR5157450090.pdf
KR5160420009,코레이트셀렉트단기채증권투자신탁[채권],2024-12-31,수수료선취- 오프라인(A),A,,오프라인,납입금액의 0.10%이내,0.22,,,0.22,KR5160420009_p7_0009,7,투자설명서 복사본/KR5160420009/R2_KR5160420009.pdf
KR5160420009,코레이트셀렉트단기채증권투자신탁[채권],2024-12-31,수수료미징구- 오프라인(C),C,,오프라인,-,0.42,,,0.4224,KR5160420009_p7_0009,7,투자설명서 복사본/KR5160420009/R2_KR5160420009.pdf
KR5160420009,코레이트셀렉트단기채증권투자신탁[채권],2024-12-31,수수료선취- 온라인(A-E),A-E,,온라인,납입금액의 0.05%이내,0.17,,,0.17,KR5160420009_p7_0009,7,투자설명서 복사본/KR5160420009/R2_KR5160420009.pdf
KR5160420009,코레이트셀렉트단기채증권투자신탁[채권],2024-12-31,수수료미징구- 온라인(C-E),C-E,,온라인,-,0.27,,,0.2724,KR5160420009_p7_0009,7,투자설명서 복사본/KR5160420009/R2_KR5160420009.pdf
KR516702010M,에셋플러스 코리아 리치투게더 연금 증권 자투자신탁 1호(주식),2025-05-20,수수료미징구-오프라인(C),C,,오프라인,-,1.53,0.95,,,KR516702010M_p4_0011,4,투자설명서 복사본/KR516702010M/R2_KR516702010M.pdf
KR516702010M,에셋플러스 코리아 리치투게더 연금 증권 자투자신탁 1호(주식),2025-05-20,수수료미징구-온라인(Ce),Ce,,온라인,-,1.05,0.47,,,KR516702010M_p4_0011,4,투자설명서 복사본/KR516702010M/R2_KR516702010M.pdf
KR516702010M,에셋플러스 코리아 리치투게더 연금 증권 자투자신탁 1호(주식),2025-05-20,수수료미징구온라인슈퍼(S-P),S-P,연금저축,온라인슈퍼,-,0.86,0.28,,,KR516702010M_p4_0011,4,투자설명서 복사본/KR516702010M/R2_KR516702010M.pdf
KR5169950018,디에스Maestro증권자투자신탁[주식],2025-07-11,수수료선취-오프라인형(A),A,,오프라인,납입금액의 1.0%이내,1.455,,,,KR5169950018_p3_0006,3,투자설명서 복사본/KR5169950018/R2_KR5169950018.pdf
KR5169950018,디에스Maestro증권자투자신탁[주식],2025-07-11,수수료선취-온라인형(A-e),A-e,,온라인,납입금액의 0.5%이내,1.155,,,,KR5169950018_p3_0006,3,투자설명서 복사본/KR5169950018/R2_KR5169950018.pdf
KR5169950018,디에스Maestro증권자투자신탁[주식],2025-07-11,수수료미징구-오프라인형(C),C,,오프라인,없음,1.805,,,,KR5169950018_p3_0006,3,투자설명서 복사본/KR5169950018/R2_KR5169950018.pdf
KR5169950018,디에스Maestro증권자투자신탁[주식],2025-07-11,수수료미징구-,,,,없음,1.325,,,,KR5169950018_p3_0006,3,투자설명서 복사본/KR5169950018/R2_KR5169950018.pdf
KR5172450019,트러스톤칭기스칸증권투자신탁[주식],2025-07-03,수수료선취- 오프라인(A),A,,오프라인,납입금액의 1.0%이내,1.697,0.9,,,KR5172450019_p4_0009,4,투자설명서 복사본/KR5172450019/R2_KR5172450019.pdf
KR5172450019,트러스톤칭기스칸증권투자신탁[주식],2025-07-03,수수료미징구- 오프라인- 보수체감(C4),C4,,오프라인,없음,1.897,1.1,,,KR5172450019_p4_0009,4,투자설명서 복사본/KR5172450019/R2_KR5172450019.pdf
KR5172450019,트러스톤칭기스칸증권투자신탁[주식],2025-07-03,수수료선취- 온라인(Ae),Ae,,온라인,납입금액의 0.5%이내,1.247,0.45,,,KR5172450019_p4_0009,4,투자설명서 복사본/KR5172450019/R2_KR5172450019.pdf
KR5172450019,트러스톤칭기스칸증권투자신탁[주식],2025-07-03,수수료미징구- 온라인(Ce),Ce,,온라인,없음,1.797,1.0,,,KR5172450019_p4_0009,4,투자설명서 복사본/KR5172450019/R2_KR5172450019.pdf
KR5174420011,한국밸류 10년투자 연금 증권전환형자투자신탁 1호(채권),2025-01-15,수수료미징구-오프라인형(C),C,,오프라인,없음,0.538,0.35,,0.4,KR5174420011_p4_0009,4,투자설명서 복사본/KR5174420011/R2_KR5174420011.pdf
KR5174420011,한국밸류 10년투자 연금 증권전환형자투자신탁 1호(채권),2025-01-15,수수료미징구-온라인형(C-E),C-E,,온라인,없음,0.358,0.17,,0.27,KR5174420011_p4_0009,4,투자설명서 복사본/KR5174420011/R2_KR5174420011.pdf
KR518101002M,미래에셋퇴직플랜단기증권자투자신탁1호(채권),2025-09-19,수수료미징구-오프라인-퇴 직연금(C),C,퇴직연금,오프라인,-,0.38,0.2,,0.39,KR518101002M_p3_0007,3,투자설명서 복사본/KR518101002M/R2_KR518101002M.pdf
KR518101002M,미래에셋퇴직플랜단기증권자투자신탁1호(채권),2025-09-19,수수료미징구-온라인-퇴직 연금(C-P2e),C-P2e,퇴직연금,온라인,-,0.28,0.1,,0.28,KR518101002M_p3_0007,3,투자설명서 복사본/KR518101002M/R2_KR518101002M.pdf
KR518101012M,한국투자 퇴직연금 증권 자투자신탁 1호(국공채),2025-02-28,수수료미 징구-오 프라인- 퇴직연금 (C),C,퇴직연금,오프라인,,0.54,0.395,,0.5517,KR518101012M_p5_0010,5,투자설명서 복사본/KR518101012M/R2_KR518101012M.pdf
KR5185450009,키움 차세대모빌리티 증권 자투자신탁 제1호[주식],2025-06-30,수수료선취- 오프라인(A1),A1,,오프라인,납입 금액의 1.0%이내,1.73,0.98,1.37,,KR5185450009_p3_0009,3,투자설명서 복사본/KR5185450009/R2_KR5185450009.pdf
KR5185450009,키움 차세대모빌리티 증권 자투자신탁 제1호[주식],2025-06-30,수수료미징구- 오프라인- 보수체감(C1),C1,,오프라인,없음,2.25,1.5,1.59,,KR5185450009_p3_0009,3,투자설명서 복사본/KR5185450009/R2_KR5185450009.pdf
KR5185450009,키움 차세대모빌리티 증권 자투자신탁 제1호[주식],2025-06-30,수수료선취- 온라인(A-e),A-e,,온라인,납입 금액의 0.5%이내,1.1,0.35,1.02,,KR5185450009_p3_0009,3,투자설명서 복사본/KR5185450009/R2_KR5185450009.pdf
KR5185450009,키움 차세대모빌리티 증권 자투자신탁 제1호[주식],2025-06-30,수수료미징구- 온라인(C-e),C-e,,온라인,없음,1.72,0.97,1.16,,KR5185450009_p3_0009,3,투자설명서 복사본/KR5185450009/R2_KR5185450009.pdf
KR5185450009,키움 차세대모빌리티 증권 자투자신탁 제1호[주식],2025-06-30,수수료미징구-오 프라인-보수체감 (C2),C2,,오프라인,,2.1,,1.59,2.1059,KR5185450009_p28_0092,28,투자설명서 복사본/KR5185450009/R2_KR5185450009.pdf
KR5185450009,키움 차세대모빌리티 증권 자투자신탁 제1호[주식],2025-06-30,수수료미징구-오 프라인-보수체감 (C3),C3,,오프라인,,1.74,,1.59,1.7454,KR5185450009_p28_0092,28,투자설명서 복사본/KR5185450009/R2_KR5185450009.pdf
KR5185450009,키움 차세대모빌리티 증권 자투자신탁 제1호[주식],2025-06-30,수수료미징구-오 프라인-보수체감 (C4),C4,,오프라인,,1.64,,1.59,1.6462,KR5185450009_p28_0092,28,투자설명서 복사본/KR5185450009/R2_KR5185450009.pdf
KR5194450018,스팍스한국엄선투자증권자투자신탁[주식] [AY119],2025-01-16,수수료선취- 오프라인(A),A,,오프라인,납입금액의 1% 이내,1.0,1.0,1.38,,KR5194450018_p5_0013,5,투자설명서 복사본/KR5194450018/R2_KR5194450018.pdf
KR5194450018,스팍스한국엄선투자증권자투자신탁[주식] [AY119],2025-01-16,수수료선취- 온라인(A-e),A-e,,온라인,납입금액의 0.5% 이내,0.5,0.5,1.03,,KR5194450018_p5_0013,5,투자설명서 복사본/KR5194450018/R2_KR5194450018.pdf
KR5194450018,스팍스한국엄선투자증권자투자신탁[주식] [AY119],2025-01-16,수수료후취- 온라인슈퍼(S),S,,온라인슈퍼,3년 미만 환매시 환매금액의 0.15%,3.0,3.0,,,KR5194450018_p5_0013,5,투자설명서 복사본/KR5194450018/R2_KR5194450018.pdf
,,,수수료선 취-오프 라인 (A),A,,오프라인,,0.544,,,,COMMON_df9d97b4ba95,5,[2개 문서 공통]
,,,수수료미 징구-오,,,,,1.144,,,,COMMON_df9d97b4ba95,5,[2개 문서 공통]
,,,수수료선취- 오프라인(A1),A1,,오프라인,납입금액이 0.8%,0.645,0.48,,,COMMON_37ab181678a5,5,[2개 문서 공통]
,,,수수료미징구 -오프라인-보 수체감 (C1),C1,,오프라인,없음,1.285,1.12,,,COMMON_37ab181678a5,5,[2개 문서 공통]
,,,수수료선취- 온라인(Ae),Ae,,온라인,납입금액이 0.4% 이내,0.405,0.24,,,COMMON_37ab181678a5,5,[2개 문서 공통]
,,,수수료미징구- 온라인형(Ce),Ce,,온라인,없음,0.365,0.2,,,COMMON_37ab181678a5,5,[2개 문서 공통]
,,,수수료미징구- 오프라인-보수 체감2(C2),C2,,오프라인,,1.175,,1.59,1.1766,COMMON_2859fcc3cc98,45,[2개 문서 공통]
,,,수수료미징구- 오프라인-보수 체감3(C3),C3,,오프라인,,1.075,,1.59,1.0767,COMMON_2859fcc3cc98,45,[2개 문서 공통]
,,,수수료미징구- 오프라인-보수 체감4(C4),C4,,오프라인,,0.985,,1.59,0.9867,COMMON_2859fcc3cc98,45,[2개 문서 공통]
,,,수수료미징구- 오프라인-5억 이상 납입(Ch),Ch,,오프라인,,0.415,,,0.415,COMMON_2859fcc3cc98,45,[2개 문서 공통]
,,,수수료미징구- 오프라인-주택 마련(C(장마)),C,,오프라인,,1.165,,,1.165,COMMON_2859fcc3cc98,45,[2개 문서 공통]
,,,"수수료선취-오 프라인-펀드, 기관(Af)",Af,,오프라인,,0.165,,,0.1667,COMMON_2859fcc3cc98,45,[2개 문서 공통]
,,,수수료미징구- 오프라인-퇴직 연금(CP),CP,퇴직연금,오프라인,,0.765,,,0.7667,COMMON_2859fcc3cc98,45,[2개 문서 공통]
,,,수수료후취-온 라인 슈퍼(S),S,,온라인슈퍼,,0.315,,,0.3166,COMMON_2859fcc3cc98,45,[2개 문서 공통]
,,,수수료미징구- 오프라인-랩 (CW),CW,,오프라인,,0.165,,,0.1667,COMMON_2859fcc3cc98,45,[2개 문서 공통]
,,,수수료선취-오 프라인-무권유 저비용(AG),AG,,오프라인,,0.515,,,0.515,COMMON_2859fcc3cc98,45,[2개 문서 공통]
,,,수수료미징구- 오프라인-무권,,,오프라인,,0.945,,,0.945,COMMON_2859fcc3cc98,45,[2개 문서 공통]
,,,수수료선취- 오프라인(A1),A1,,오프라인,납입금액 의 0.8% 이내,0.845,0.4,0.75,,COMMON_bb294bf3b7e1,5,[3개 문서 공통]
,,,수수료미징구- 오프라인 (C1),C1,,오프라인,없음,1.245,0.8,1.0,,COMMON_bb294bf3b7e1,5,[3개 문서 공통]
,,,수수료선취- 온라인(Ae),Ae,,온라인,납입금액 의 0.4% 이내,0.645,0.2,0.45,,COMMON_bb294bf3b7e1,5,[3개 문서 공통]
,,,수수료미징구- 온라인(Ce),Ce,,온라인,없음,0.845,0.4,0.57,,COMMON_bb294bf3b7e1,5,[3개 문서 공통]
,,,수수료선취- 온라인 (A-e),A-e,,온라인,,0.645,,0.45,0.6469,COMMON_4bd14c3e4524,35,[3개 문서 공통]
,,,수수료미징구 -온라인(C-e),C-e,,온라인,,0.845,,0.57,0.8468,COMMON_4bd14c3e4524,35,[3개 문서 공통]
,,,수수료미징구-오프라인-퇴 직연금(C),C,퇴직연금,오프라인,-,0.95,0.5,,0.95,COMMON_3205b4db4486,3,[2개 문서 공통]
,,,수수료미징구-온라인-퇴직 연금(C-P2e),C-P2e,퇴직연금,온라인,-,0.7,0.25,,0.7,COMMON_3205b4db4486,3,[2개 문서 공통]
